job_id,title,city,ai_trigger_skills
03ef6753-fd53-4f9b-8c9e-5ec6f4c9f077,Utvikler / teknisk ansvarlig med AI i verktøykassen,ALTA,['AI']
05e99a1f-a1aa-449b-a7a8-4b1cc09f70ca,Join HMH in their quest to solve tomorrow’s challenges and innovate our future!,KRISTIANSAND S,['AI']
0689457b-713f-49f1-a394-9017322f8265,Utvikler kryptoforsering ,OSLO,['Maskinlæring']
09fcd039-7c6d-4638-a05f-e27ae5f57e64,Prosjektleder med AI kompetanse,BERGEN,['AI']
0b3869c2-ff1c-4619-9b0e-4ddde85f4114,Vil du jobbe med moderne dataplattformer og AI for å bygge Norge med IT?,LAKSEVÅG,"['AI', 'Maskinlæring']"
0b740c3b-c115-4147-8ae2-96480a439fdd,Graduate 2027: Geologist (Biostratigraphy),STAVANGER,['AI']
0cf2d8e1-257c-46c5-8150-b6f20b4cac99,Bli med og få AI-løsninger helt ut i produksjon,OSLO,"['AI Engineer', 'maskinlæring']"
0ed34362-9a7d-4507-ab75-5297692d6600,PhD Candidate in Artic Maritime Operations AI-Enabled Forecasting and Decision Support,TRONDHEIM,"['AI', 'Maskinlæring']"
0f263afc-7792-49cc-b723-00a61ef4da13,"Vil du ta AI fra idé til produksjon, ikke bare pilot?",OSLO,"['AI', 'Maskinlæring']"
0f3734a7-2a5e-4247-86a4-ac26458eda3b,Postdoctoral Research Fellow in Statistics and Data Science,OSLO,"['AI', 'Maskinlæring']"
1263a921-834c-4bff-a381-26c2c12d1183,Løsningsarkitekt kunstig intelligens,LILLESTRØM,['AI']
1f6fabb7-5df4-4a57-b069-85e91b37ec44,PhD Research Fellowship in Safety and Security Evaluation of Deployed AI Systems,OSLO,['Maskinlæring']
21dcf934-3077-4014-8ac2-ae153bf92ab4,AI Engineer \& AI Solution Consultant,OSLO,"['AI', 'AI konsulent', 'AI utvikler']"
268a6b26-5a9f-49e4-8210-2b678ca5bd56,"Senior utvikler / Data Scientist -- Analyseplattform, data og AI",OSLO,"['AI', 'Maskinlæring']"
2a626e8a-3e89-4c87-80cb-156ff9e8ed50,Eager to make an impact through communication?,OSLO,['AI']
2ac65ae8-4ae6-484e-845b-f85275f7afdb,Graduate 2027: Inspection Engineer,STAVANGER,['AI']
2e75acdd-45ff-4c9f-b2e6-2bfc43ffc0c1,Vil du hjelpe Norges ledende virksomheter realisere kraften i data?,TRONDHEIM,['AI']
2e7b4a1c-3ad6-4d9e-b2e6-cb13411042cf,Graduate 2027: Finance and Strategy,STAVANGER,['AI']
31c385af-859d-44b9-9fd2-7013504c0874,Analyst in NBIM (temp one-year),OSLO,['AI']
3508ef9c-ad80-4775-888f-7507196089e7,Senior utvikler -- påvirk arkitektur og teknologivalg,OSLO,['AI']
388d14e5-cd0c-44f7-863c-3afca99ce0d7,Trigges du av å bygge robuste AI-løsninger som faktisk tas i bruk - og samtidig gjøre andre team bedre?,OSLO,"['AI', 'Maskinlæring']"
3e4334b0-0a50-45cd-9471-7a8e2259d8cd,"Er du opptatt av hvordan data og analyse kan gi grunnlag for innsikt, handling og resultater?",HAMAR,['Maskinlæring']
3f0f2190-7e32-4b40-9d1b-b811519d1c81,Vil du være en teknisk spydspiss for AI i Columbus Norge?,OSLO,['AI']
406f4af9-b9ac-4526-bfa8-24b46166e581,Senior utvikler -- påvirk arkitektur og teknologivalg,TRONDHEIM,['AI']
4257ab24-0d5e-4229-9a03-c8c8bcc76f5f,Graduate 2027: Flow Assurance Engineer,STAVANGER,['AI']
453f18a3-d307-4ff4-b3aa-c7badd3689e9,PhD Research Fellow in computer science/AI for energy informatics,OSLO,['maskinlæring']
4a1fddd4-00d8-4589-9377-42db80f5828c,"Postdoctoral Research Fellow in ""Mathematical Foundations of Artifical Intelligence""",TROMSØ,['Maskinlæring']
4b1ab7d5-02c7-4384-ac5d-6aaa6b3ad972,Graduate 2027: Electrical Engineer,TRONDHEIM,['AI']
4bfd0223-6e05-4c5f-8ec8-1b725eb108b5,Graduate 2027: Project Engineer,TRONDHEIM,['AI']
4c0c3217-1f08-4409-9e23-c9a9875a08f7,Postdoctoral Research Fellow in Quantum Machine Learning for Multimode Mechanics,OSLO,['Maskinlæring']
4d96f648-4c04-492a-a3e7-1e5be217464c,Vil du jobbe som Superselger innen AI-Agent løsninger i et digitalt webbyrå?,ASKER,['AI']
4e321e4b-3866-440d-b0d1-90d3146287a3,Head of AI Strategy & Transformation,OSLO,['AI']
4e7e7117-a1c2-4a87-b7fa-6fc26efb1e6e,Seniorkonsulent Data Governance og AI Governance \| Consulting \| Oslo,OSLO,['AI Governance']
4fa731d7-5c6a-4291-a4df-c7a1ecb6f72a,"Utvikler til nasjonalt AI senter: AI, AI-agenter og digitale plattformer",GRIMSTAD,['AI']
51f556a6-a853-4eb6-9f17-865993686bfe,Har du kraft til å løse utfordringer som faktisk betyr noe?,BERGEN,['AI']
53be824b-d884-4d08-b6d1-7968513936b2,BDO søker AI Lead: Bygge Vestlandets ledende AI-miljø,BERGEN,['AI']
56330d06-3e0d-486e-b42b-3d366916b745,Dataanalytiker,OSLO,['Maskinlæring']
5b733614-d999-4d14-a425-a0ae31e64583,AI Engineer / Head of AI,OSLO,"['AI', 'Maskinlæring']"
5d33b8c1-bde1-48dd-a360-37cb45a84d56,Er du klar for å lede den digitale transformasjonen i et globalt industrieventyr? TQC søker IT Direktør,LYSAKER,['AI']
6338f5b1-dc48-45ab-8b20-fca27a1095b2,Vil du være med å forme fremtidens offentlige sektor?,TRONDHEIM,['AI']
63fdaa06-2430-4ae3-a346-9b4fcf5ee17b,Graduate 2027: Automation Engineer,TRONDHEIM,['AI']
64b3c709-3538-480f-8672-dbb7c4da7d30,Finn de neste store AI-mulighetene -- bli med fra starten,OSLO,['AI']
664135ab-5328-4fe4-8886-408697b9c8c0,"Vil du være med å forme fremtidens digitale kundereiser, medlemsopplevelser og produkter?",OSLO,['AI']
6692daee-7778-4ebc-903d-4dc547b0cf5d,Bli med og bygg et av Norges mest spennende fagmiljøer innen GDPR og AI,SANDEFJORD,['AI']
71a706f3-40bd-4839-8216-e5760dfce09d,Bygg fundamentet for vår AI-fremtid,OSLO,"['AI', 'Maskinlæring']"
71b4026d-beec-462a-b34e-c692efaf2113,"Join Team TechnipFMC - Senior Product Engineer - Condition and Performance Monitoring, Autonomous Diagnostics",KONGSBERG,['Maskinlæring']
7f06ecbb-fb84-46eb-93cc-88e44babb23a,Dataanalytiker med hjerte for samfunn - bli med og forme fremtidens velferdstjenester! ,OSLO,['Maskinlæring']
816e362e-4c4d-4c1a-9fd4-2f3b1049a0e1,Software-utvikling er i endring. Vi er nysgjerrige på hva det betyr for hvordan vi leder team og bygger produkt.,OSLO,['AI']
87c31757-c3fa-45a4-b8fb-61812191e3de,PhD Research Fellow in Computational Thermal Physics of Human Body,BERGEN,['Maskinlæring']
87f7335e-218c-485d-8921-b74fb1342c02,AI trenger mennesker som deg,OSLO,['AI']
8ac09822-887f-4c0c-a9b3-8f5c5891c547,KI-utvikler,TRONDHEIM,"['AI-utvikler', 'Maskinlæring']"
8ac9dddf-4b69-4765-b604-5b2a09d8785b,Data scientist,OSLO,['Maskinlæring']
8d3842bf-9446-447e-8f49-1394af841cbf,Vi søker student til deltidsstilling,OSLO,['AI']
8eebaa1f-4012-4b78-a0d3-8e9186be8960,Dataanalytiker,GJØVIK,['Maskinlæring']
900f2440-17ca-4a8a-acc8-99539bb2c096,Graduate 2027: Production Chemistry Engineer,STAVANGER,['AI']
974ceae8-5f08-4a0d-8d61-d1d7ec7f1675,Prosjektstilling KI-ingeniør data scientist - overingeniør,KJELLER,['maskinlæring']
98fdc1ce-bc61-4678-9aa4-eb60bcd91f98,Bli med å bygge et stort AI-selskap,DRAMMEN,['AI']
a272ae26-76ac-4e79-8b3d-efc8fed449eb,Graduate 2027: Data Engineer/Digital,TRONDHEIM,['AI']
a2ea9496-fbef-421f-802b-36208d4c6622,Prosjektstilling KI-ingeniør data scientist ,KJELLER,['maskinlæring']
a890675c-55be-4f31-8db5-f0444a92463f,Liker du å bygge gode dataløsninger og finne smarte måter å bruke data på?,OSLO,['Maskinlæring']
aae99f5c-2dd8-417d-a5a5-16d1c38cea37,Handelshøyskolen BI søker AI-utviklere!,OSLO,['AI-utvikler']
ab6c444f-ea84-4525-97a5-2c96d87f604d,frog søker nyutdannede til graduate-program med oppstart i september 2027,OSLO,['AI']
afdfdde9-6ec1-43fe-bdff-c2fbbbcc1e1f,Senior Data Scientist,OSLO,['Maskinlæring']
b0d11d00-dcee-429c-843b-484e37a8053b,Grafisk Designer -- Merkevare og Emballasje,BODØ,['AI']
b9105d6f-1eac-48b7-b5e3-e98914077fd1,Ingen erfaring? Ingen utdanning? Dette er din vei inn i teknologibransjen,Missing location,['AI']
bf4e0a9d-86db-44fa-889a-36d40ee21bb4,Har du kraft til å løse utfordringer som faktisk betyr noe?,BERGEN,['AI-utvikler']
c2891c06-a0eb-42f5-9b32-8476fc7805d3,Vil du være med på å videreutvikle Amilis viktigste kundeportefølje?,OSLO,['AI']
c91bbbac-9421-47d2-928c-bd362bfa391a,PhD position within Causal Machine Learning ,ÅS,['maskinlæring']
cef38065-a8de-4d37-bb62-21673190722b,PhD Research Fellow in Computational Nuclear Physics and Reactor Simulations,OSLO,['maskinlæring']
d4858a49-9ae8-4958-9ccf-7c65217514b5,Graduate 2027: Life Cycle Data Services,TRONDHEIM,['AI']
d55631aa-86ca-4009-b7f8-9e307542d679,"Vi søker utviklere, arkitekter og tech leads til vårt Vestfold-kontor",SANDEFJORD,['Maskinlæring']
d679e56c-a19d-40fe-bef5-95b561b0c8ff,PhD Research Fellow in transport mode detection with location privacy,OSLO,['maskinlæring']
dc57e550-3d91-4562-955f-1e129f927d81,Graduate 2027: Mechanical Engineer,TRONDHEIM,['AI']
dc65a3ba-1671-4f3b-b28d-ad8f99480622,Graduate 2027: Drilling and Wells Engineer,STAVANGER,['AI']
dcc768b4-28b1-4a13-ab72-13293c8aa096,Graduate 2027: Subsea Engineer,STAVANGER,['AI']
e0ab536d-7b6b-4cdc-b93a-b527b5b54dd5,Vær med å bygge morgendagens apotek i vår AI Lab,OSLO,['AI-utvikler']
e23ccabb-898f-4bd6-b546-e1a23c187fcf,Graduate 2027: Reservoir Engineer,TRONDHEIM,['AI']
e4a24fd7-1970-4ba8-9c4d-0d4dabc92316,"Principal Architect, SaaS Platform \& AI",KRÅKERØY,['AI']
e6648fb3-a771-46d3-8a93-c677a8e7e7f0,Data Scientist - NORCE Analytics,BERGEN,['Maskinlæring']
e8e7e33a-e301-48bf-9864-3cbdfbaf4d44,Graduate 2027 - Operations Improvement Engineer,SANDNES,['AI']
ea18b26b-5bbd-4fc6-bc34-7b153205be22,Graduate 2027: Cybersecurity,STAVANGER,['AI']
f0feedfc-c673-4025-9c45-7fedd2cd4627,Graduate 2027: Process Engineer,STAVANGER,['AI']
f1a12faa-ec3b-4cd5-aa18-ca304aaf518c,Vil du bygge kompetanse innen risiko og personvern i et ledende fagmiljø?,OSLO,['AI']
f31625b5-5e43-40ed-88f9-fcbe4fe1f7b2,"Join Team TechnipFMC - Product Engineer - Condition and Performance Monitoring, Autonomous Diagnostics",KONGSBERG,['Maskinlæring']
f34ee64e-c60e-4378-bf2e-08f4ea2325b6,Prosjektstilling Sjefsingeniør KI,KJELLER,['Maskinlæring']
f46787c0-b203-48e6-89b2-af0ef2c7baed,Vil du jobbe med modeller som faktisk betyr noe i praksis?,OSLO,['Maskinlæring']
f52368a8-3530-4b85-a73c-e4a20420c1ea,AI Engineer,SANDVIKA,['AI']
