skill,ai_job_count,overall_job_count,share_in_ai_jobs,share_in_all_jobs,lift
.NET,2,21,0.022988505747126436,0.0021,10.946907498631637
AI,57,57,0.6551724137931034,0.0057,114.94252873563218
AI Engineer,1,1,0.011494252873563218,0.0001,114.94252873563218
AI Governance,1,1,0.011494252873563218,0.0001,114.94252873563218
AI konsulent,1,1,0.011494252873563218,0.0001,114.94252873563218
AI utvikler,1,1,0.011494252873563218,0.0001,114.94252873563218
AI-leder,1,1,0.011494252873563218,0.0001,114.94252873563218
AI-utvikler,4,4,0.04597701149425287,0.0004,114.94252873563218
AI-utvikling,1,2,0.011494252873563218,0.0002,57.47126436781609
API-integrasjon,1,3,0.011494252873563218,0.0003,38.31417624521073
Administrasjon,1,571,0.011494252873563218,0.0571,0.20130040058779716
Advokatfirma,1,4,0.011494252873563218,0.0004,28.735632183908045
Akademia,1,16,0.011494252873563218,0.0016,7.183908045977011
Akademisk,1,2,0.011494252873563218,0.0002,57.47126436781609
Aktuar,1,2,0.011494252873563218,0.0002,57.47126436781609
Algoritmer,1,1,0.011494252873563218,0.0001,114.94252873563218
Algoritmeutvikling,1,3,0.011494252873563218,0.0003,38.31417624521073
Analyse,22,367,0.25287356321839083,0.0367,6.890287826114191
Analyseplattform,1,1,0.011494252873563218,0.0001,114.94252873563218
Analytiker,2,41,0.022988505747126436,0.0041,5.6069526212503495
Apotek,1,6,0.011494252873563218,0.0006,19.157088122605366
App,1,1,0.011494252873563218,0.0001,114.94252873563218
Arkitekt,1,26,0.011494252873563218,0.0026,4.420866489832007
Arkitektur,4,38,0.04597701149425287,0.0038,12.099213551119178
Arktis,1,4,0.011494252873563218,0.0004,28.735632183908045
Automatisering,7,92,0.08045977011494253,0.0092,8.745627186406796
Automatiseringsingeniør,1,1,0.011494252873563218,0.0001,114.94252873563218
Azure,6,50,0.06896551724137931,0.005,13.793103448275861
B2B,1,88,0.011494252873563218,0.0088,1.3061650992685474
B2B salg,1,8,0.011494252873563218,0.0008,14.367816091954023
Backend,3,32,0.034482758620689655,0.0032,10.775862068965516
Bank,2,65,0.022988505747126436,0.0065,3.5366931918656057
Bedrift,1,4,0.011494252873563218,0.0004,28.735632183908045
Bedriftskontakt,1,1,0.011494252873563218,0.0001,114.94252873563218
Bedriftssalg,1,20,0.011494252873563218,0.002,5.747126436781609
Beregninger,1,2,0.011494252873563218,0.0002,57.47126436781609
Bergen,1,4,0.011494252873563218,0.0004,28.735632183908045
Biostratigraf,1,1,0.011494252873563218,0.0001,114.94252873563218
Biostratigrafi,1,1,0.011494252873563218,0.0001,114.94252873563218
Boring,1,3,0.011494252873563218,0.0003,38.31417624521073
Brukeropplevelse,1,16,0.011494252873563218,0.0016,7.183908045977011
Brukerstøtte,1,81,0.011494252873563218,0.0081,1.4190435646374344
Brønn,1,3,0.011494252873563218,0.0003,38.31417624521073
Budsjettering,1,31,0.011494252873563218,0.0031,3.7078235076010384
C#,3,23,0.034482758620689655,0.0023,14.992503748125937
CRM,1,66,0.011494252873563218,0.0066,1.7415534656913967
Compliance,2,33,0.022988505747126436,0.0033,6.966213862765587
Copilot,2,2,0.022988505747126436,0.0002,114.94252873563218
Cybersecurity,1,1,0.011494252873563218,0.0001,114.94252873563218
Dashboard,1,1,0.011494252873563218,0.0001,114.94252873563218
Data,2,6,0.022988505747126436,0.0006,38.31417624521073
Data Governance,1,1,0.011494252873563218,0.0001,114.94252873563218
Data Scientist,5,5,0.05747126436781609,0.0005,114.94252873563218
Data governance,1,7,0.011494252873563218,0.0007,16.420361247947454
Data science,2,2,0.022988505747126436,0.0002,114.94252873563218
Data scientist,5,6,0.05747126436781609,0.0006,95.78544061302682
Dataanalyse,13,79,0.14942528735632185,0.0079,18.91459333624327
Dataanalytiker,4,8,0.04597701149425287,0.0008,57.47126436781609
Dataarkitektur,1,6,0.011494252873563218,0.0006,19.157088122605366
Databaser,1,13,0.011494252873563218,0.0013,8.841732979664014
Databricks,2,8,0.022988505747126436,0.0008,28.735632183908045
Datadrevet utvikling,1,1,0.011494252873563218,0.0001,114.94252873563218
Dataingeniør,3,13,0.034482758620689655,0.0013,26.525198938992045
Dataintegrasjon,1,2,0.011494252873563218,0.0002,57.47126436781609
Datamodellering,5,37,0.05747126436781609,0.0037,15.532774153463807
Dataplattform,10,38,0.11494252873563218,0.0038,30.248033877797944
Datasikkerhet,2,4,0.022988505747126436,0.0004,57.47126436781609
Datastyring,1,3,0.011494252873563218,0.0003,38.31417624521073
Datavarehus,1,10,0.011494252873563218,0.001,11.494252873563218
Datavitenskap,1,2,0.011494252873563218,0.0002,57.47126436781609
Design,2,32,0.022988505747126436,0.0032,7.183908045977011
DevOps,2,31,0.022988505747126436,0.0031,7.415647015202077
Digital,1,2,0.011494252873563218,0.0002,57.47126436781609
Digital Engineering,1,1,0.011494252873563218,0.0001,114.94252873563218
Digital markedsføring,1,28,0.011494252873563218,0.0028,4.105090311986864
Digital plattform,1,3,0.011494252873563218,0.0003,38.31417624521073
Digital transformasjon,2,11,0.022988505747126436,0.0011,20.89864158829676
Digital tvilling,1,3,0.011494252873563218,0.0003,38.31417624521073
Digital utvikling,1,14,0.011494252873563218,0.0014,8.210180623973727
Digitalisering,5,186,0.05747126436781609,0.0186,3.0898529230008656
Doktorgrad,1,5,0.011494252873563218,0.0005,22.988505747126435
Dynamics 365,1,3,0.011494252873563218,0.0003,38.31417624521073
Dynamiske systemer,1,1,0.011494252873563218,0.0001,114.94252873563218
E-handel,1,10,0.011494252873563218,0.001,11.494252873563218
Elektriker,1,132,0.011494252873563218,0.0132,0.8707767328456983
Elektroingeniør,1,25,0.011494252873563218,0.0025,4.597701149425287
Elkraft,1,56,0.011494252873563218,0.0056,2.052545155993432
Emballasjedesign,1,1,0.011494252873563218,0.0001,114.94252873563218
Endringsledelse,1,122,0.011494252873563218,0.0122,0.942151874882231
Energi,10,71,0.11494252873563218,0.0071,16.18908855431439
Energiingeniør,1,2,0.011494252873563218,0.0002,57.47126436781609
Energisektoren,1,5,0.011494252873563218,0.0005,22.988505747126435
Energiselskap,1,3,0.011494252873563218,0.0003,38.31417624521073
Energisystem,1,9,0.011494252873563218,0.0009,12.77139208173691
Etterretning,1,52,0.011494252873563218,0.0052,2.2104332449160036
Evaluering,1,6,0.011494252873563218,0.0006,19.157088122605366
Feilsøking,1,165,0.011494252873563218,0.0165,0.6966213862765587
Finans,5,118,0.05747126436781609,0.0118,4.87044613286577
Finansiell analyse,1,9,0.011494252873563218,0.0009,12.77139208173691
Firebase,1,1,0.011494252873563218,0.0001,114.94252873563218
Flow Assurance Engineer,1,1,0.011494252873563218,0.0001,114.94252873563218
Forbedringsarbeid,1,47,0.011494252873563218,0.0047,2.4455857177794083
Forhandling,1,78,0.011494252873563218,0.0078,1.4736221632773356
Forretningsutvikler,1,10,0.011494252873563218,0.001,11.494252873563218
Forretningsutvikling,6,151,0.06896551724137931,0.0151,4.567252797442338
Forsikring,7,68,0.08045977011494253,0.0068,11.832319134550373
Forsker,2,30,0.022988505747126436,0.003,7.662835249042145
Forskning,6,123,0.06896551724137931,0.0123,5.60695262125035
Forsvar,1,94,0.011494252873563218,0.0094,1.2227928588897041
Forsvaret,2,84,0.022988505747126436,0.0084,2.736726874657909
Frontend,1,23,0.011494252873563218,0.0023,4.997501249375312
Fullstack,1,16,0.011494252873563218,0.0016,7.183908045977011
Fysikk,1,9,0.011494252873563218,0.0009,12.77139208173691
GDPR,1,6,0.011494252873563218,0.0006,19.157088122605366
GRC,1,3,0.011494252873563218,0.0003,38.31417624521073
Geofysikk,1,4,0.011494252873563218,0.0004,28.735632183908045
Geolog,1,3,0.011494252873563218,0.0003,38.31417624521073
Governance,1,5,0.011494252873563218,0.0005,22.988505747126435
Graduate,13,24,0.14942528735632185,0.0024,62.260536398467444
Graduate program,1,2,0.011494252873563218,0.0002,57.47126436781609
Grafisk designer,1,5,0.011494252873563218,0.0005,22.988505747126435
HPC,1,2,0.011494252873563218,0.0002,57.47126436781609
Helse,1,1106,0.011494252873563218,0.1106,0.10392633701232566
Hjemmekontor,2,19,0.022988505747126436,0.0019,12.099213551119178
IKT,1,70,0.011494252873563218,0.007,1.6420361247947455
IT,10,174,0.11494252873563218,0.0174,6.605892456070816
IT-arkitekt,1,11,0.011494252873563218,0.0011,10.44932079414838
IT-arkitektur,1,19,0.011494252873563218,0.0019,6.049606775559589
IT-direktør,1,2,0.011494252873563218,0.0002,57.47126436781609
IT-konsulent,1,19,0.011494252873563218,0.0019,6.049606775559589
IT-leder,1,25,0.011494252873563218,0.0025,4.597701149425287
IT-sikkerhet,1,45,0.011494252873563218,0.0045,2.554278416347382
IT-strategi,1,1,0.011494252873563218,0.0001,114.94252873563218
Industri,1,433,0.011494252873563218,0.0433,0.2654561864564254
Industriell IT,2,5,0.022988505747126436,0.0005,45.97701149425287
Industriell automasjon,1,5,0.011494252873563218,0.0005,22.988505747126435
Industriell økonomi,1,3,0.011494252873563218,0.0003,38.31417624521073
Informasjonssikkerhet,3,58,0.034482758620689655,0.0058,5.945303210463734
Informatikk,4,11,0.04597701149425287,0.0011,41.79728317659352
Ingeniør,9,356,0.10344827586206896,0.0356,2.905850445563735
Innovasjon,3,38,0.034482758620689655,0.0038,9.074410163339383
Innsikt,1,3,0.011494252873563218,0.0003,38.31417624521073
Inspeksjonsingeniør,1,1,0.011494252873563218,0.0001,114.94252873563218
Integrasjoner,1,19,0.011494252873563218,0.0019,6.049606775559589
Integritet,1,1,0.011494252873563218,0.0001,114.94252873563218
Internrevisjon,1,5,0.011494252873563218,0.0005,22.988505747126435
Java,3,34,0.034482758620689655,0.0034,10.141987829614605
Juridisk rådgivning,2,34,0.022988505747126436,0.0034,6.76132521974307
KI,1,7,0.011494252873563218,0.0007,16.420361247947454
KI-ingeniør,2,2,0.022988505747126436,0.0002,114.94252873563218
KI-utvikler,1,1,0.011494252873563218,0.0001,114.94252873563218
Kantine,1,181,0.011494252873563218,0.0181,0.6350415952244871
Key Account Manager,1,28,0.011494252873563218,0.0028,4.105090311986864
Kjemi,1,31,0.011494252873563218,0.0031,3.7078235076010384
Kjemiingeniør,2,6,0.022988505747126436,0.0006,38.31417624521073
Kommersiell,1,15,0.011494252873563218,0.0015,7.662835249042145
Kommersiell rådgivning,1,1,0.011494252873563218,0.0001,114.94252873563218
Kommunikasjon,1,174,0.011494252873563218,0.0174,0.6605892456070815
Konseptutvikling,1,12,0.011494252873563218,0.0012,9.578544061302683
Konsulent,5,108,0.05747126436781609,0.0108,5.321413367390378
Kontor,6,808,0.06896551724137931,0.0808,0.8535336292249915
Korrosjon,1,2,0.011494252873563218,0.0002,57.47126436781609
Kraftsystemanalyse,1,1,0.011494252873563218,0.0001,114.94252873563218
Kryptoforsering,1,1,0.011494252873563218,0.0001,114.94252873563218
Kryptografi,1,2,0.011494252873563218,0.0002,57.47126436781609
Kubernetes,1,17,0.011494252873563218,0.0017,6.76132521974307
Kundeansvarlig,1,30,0.011494252873563218,0.003,3.8314176245210727
Kundebehandling,1,402,0.011494252873563218,0.0402,0.285926688397095
Kundeportefølje,1,27,0.011494252873563218,0.0027,4.257130693912303
Kunderelasjoner,1,13,0.011494252873563218,0.0013,8.841732979664014
Kunderådgiver,1,36,0.011494252873563218,0.0036,3.1928480204342273
Kundeservice,2,1396,0.022988505747126436,0.1396,0.16467410993643578
Kunstig intelligens,21,41,0.2413793103448276,0.0041,58.873002523128676
Kvantemekanikk,1,1,0.011494252873563218,0.0001,114.94252873563218
Kybernetikk,1,15,0.011494252873563218,0.0015,7.662835249042145
Laboratorium,1,91,0.011494252873563218,0.0091,1.2631047113805733
Leder,2,895,0.022988505747126436,0.0895,0.2568548128170552
Logistikk,1,321,0.011494252873563218,0.0321,0.3580764135066424
Løsningsarkitekt,1,14,0.011494252873563218,0.0014,8.210180623973727
ML Ops,1,1,0.011494252873563218,0.0001,114.94252873563218
MLOps,2,2,0.022988505747126436,0.0002,114.94252873563218
Management consulting,1,3,0.011494252873563218,0.0003,38.31417624521073
Maritim,2,115,0.022988505747126436,0.0115,1.999000499750125
Markedsføring,1,82,0.011494252873563218,0.0082,1.4017381553125874
Maskiningeniør,1,13,0.011494252873563218,0.0013,8.841732979664014
Maskinlæring,27,27,0.3103448275862069,0.0027,114.94252873563218
Matematikk,2,25,0.022988505747126436,0.0025,9.195402298850574
Materialteknologi,1,13,0.011494252873563218,0.0013,8.841732979664014
Merkevare,1,6,0.011494252873563218,0.0006,19.157088122605366
Microsoft Azure,1,2,0.011494252873563218,0.0002,57.47126436781609
Middle office,1,1,0.011494252873563218,0.0001,114.94252873563218
Mikropaleontologi,1,1,0.011494252873563218,0.0001,114.94252873563218
Montasje,1,18,0.011494252873563218,0.0018,6.385696040868455
Nannofossil,1,1,0.011494252873563218,0.0001,114.94252873563218
Nettsidedesign,1,1,0.011494252873563218,0.0001,114.94252873563218
Nettsider,1,5,0.011494252873563218,0.0005,22.988505747126435
Numerisk modellering,1,3,0.011494252873563218,0.0003,38.31417624521073
Numerisk simulering,1,1,0.011494252873563218,0.0001,114.94252873563218
OT,1,2,0.011494252873563218,0.0002,57.47126436781609
Offentlig sektor,3,304,0.034482758620689655,0.0304,1.134301270417423
Offshore,7,100,0.08045977011494253,0.01,8.045977011494253
Olje og gass,7,70,0.08045977011494253,0.007,11.494252873563218
Optimalisering,1,8,0.011494252873563218,0.0008,14.367816091954023
Organisasjonsutvikling,1,82,0.011494252873563218,0.0082,1.4017381553125874
Overvåking,2,9,0.022988505747126436,0.0009,25.54278416347382
PLC,1,1,0.011494252873563218,0.0001,114.94252873563218
Palynologi,1,1,0.011494252873563218,0.0001,114.94252873563218
Personalledelse,1,16,0.011494252873563218,0.0016,7.183908045977011
Personvern,4,38,0.04597701149425287,0.0038,12.099213551119178
Personvernrådgiver,1,1,0.011494252873563218,0.0001,114.94252873563218
Petroleumsingeniør,1,3,0.011494252873563218,0.0003,38.31417624521073
PhD,6,40,0.06896551724137931,0.004,17.241379310344826
PhD-stipendiat,1,2,0.011494252873563218,0.0002,57.47126436781609
Portefølje,1,2,0.011494252873563218,0.0002,57.47126436781609
Porteføljeforvaltning,1,12,0.011494252873563218,0.0012,9.578544061302683
Porteføljestyring,1,10,0.011494252873563218,0.001,11.494252873563218
Postdoktor,3,18,0.034482758620689655,0.0018,19.157088122605366
Power BI,3,23,0.034482758620689655,0.0023,14.992503748125937
Produksjon,1,268,0.011494252873563218,0.0268,0.42889003259564246
Produksjonskjemi,1,1,0.011494252873563218,0.0001,114.94252873563218
Produksjonssetting,1,1,0.011494252873563218,0.0001,114.94252873563218
Produksjonsutvikler,1,2,0.011494252873563218,0.0002,57.47126436781609
Produkteier,1,9,0.011494252873563218,0.0009,12.77139208173691
Produktleder,1,20,0.011494252873563218,0.002,5.747126436781609
Produktutvikling,5,79,0.05747126436781609,0.0079,7.274843590862796
Prognoser,1,3,0.011494252873563218,0.0003,38.31417624521073
Programmerer,4,40,0.04597701149425287,0.004,11.494252873563218
Programmering,13,59,0.14942528735632185,0.0059,25.32631989090201
Programvarearkitekt,1,2,0.011494252873563218,0.0002,57.47126436781609
Programvareutvikling,5,18,0.05747126436781609,0.0018,31.928480204342275
Prosessforbedring,2,46,0.022988505747126436,0.0046,4.997501249375312
Prosessindustri,2,39,0.022988505747126436,0.0039,5.894488653109343
Prosessingeniør,1,17,0.011494252873563218,0.0017,6.76132521974307
Prosesskontroll,1,1,0.011494252873563218,0.0001,114.94252873563218
Prosjektarbeid,4,169,0.04597701149425287,0.0169,2.7205332245120046
Prosjektingeniør,1,54,0.011494252873563218,0.0054,2.1285653469561514
Prosjektledelse,1,446,0.011494252873563218,0.0446,0.2577186742951394
Prosjektleder,1,243,0.011494252873563218,0.0243,0.4730145215458115
Prototyping,1,16,0.011494252873563218,0.0016,7.183908045977011
Public Affairs,1,2,0.011494252873563218,0.0002,57.47126436781609
Python,24,66,0.27586206896551724,0.0066,41.797283176593524
R,1,5,0.011494252873563218,0.0005,22.988505747126435
Rapportering,2,142,0.022988505747126436,0.0142,1.618908855431439
React Native,1,2,0.011494252873563218,0.0002,57.47126436781609
Regnskap,1,222,0.011494252873563218,0.0222,0.5177591384487936
Reservoar,1,4,0.011494252873563218,0.0004,28.735632183908045
Reservoaringeniør,1,2,0.011494252873563218,0.0002,57.47126436781609
Risikohåndtering,1,3,0.011494252873563218,0.0003,38.31417624521073
Risikostyring,2,40,0.022988505747126436,0.004,5.747126436781609
Robotikk,1,10,0.011494252873563218,0.001,11.494252873563218
Rotasjonsordning,1,1,0.011494252873563218,0.0001,114.94252873563218
Rotasjonsutstyr,1,2,0.011494252873563218,0.0002,57.47126436781609
Rådgiver,3,472,0.034482758620689655,0.0472,0.7305669199298656
Rådgivning,2,173,0.022988505747126436,0.0173,1.3288153611055744
SQL,7,39,0.08045977011494253,0.0039,20.6307102858827
STEP 7,1,1,0.011494252873563218,0.0001,114.94252873563218
SaaS,2,18,0.022988505747126436,0.0018,12.77139208173691
Salg,3,981,0.034482758620689655,0.0981,0.35150620408450206
Samfunnsanalyse,2,13,0.022988505747126436,0.0013,17.68346595932803
Samsvar,1,2,0.011494252873563218,0.0002,57.47126436781609
Selger,1,238,0.011494252873563218,0.0238,0.4829518014102192
Senior Data Scientist,1,1,0.011494252873563218,0.0001,114.94252873563218
Seniorkonsulent,2,30,0.022988505747126436,0.003,7.662835249042145
Seniorutvikler,2,5,0.022988505747126436,0.0005,45.97701149425287
Siemens TIA Portal,1,1,0.011494252873563218,0.0001,114.94252873563218
Sikkerhetsingeniør,1,4,0.011494252873563218,0.0004,28.735632183908045
Sikkerhetsrammeverk,1,1,0.011494252873563218,0.0001,114.94252873563218
Sikkerhetsstandarder,1,1,0.011494252873563218,0.0001,114.94252873563218
Simulering,1,14,0.011494252873563218,0.0014,8.210180623973727
Sivilingeniør,1,24,0.011494252873563218,0.0024,4.789272030651341
Sjefsingeniør,1,1,0.011494252873563218,0.0001,114.94252873563218
Skadebehandling,1,5,0.011494252873563218,0.0005,22.988505747126435
Skole,1,272,0.011494252873563218,0.0272,0.4225828262339419
Sky,1,8,0.011494252873563218,0.0008,14.367816091954023
Skyplattform,1,8,0.011494252873563218,0.0008,14.367816091954023
Skyteknologi,2,5,0.022988505747126436,0.0005,45.97701149425287
Skyutvikling,2,5,0.022988505747126436,0.0005,45.97701149425287
Smidig metodikk,1,10,0.011494252873563218,0.001,11.494252873563218
Språkmodell,1,1,0.011494252873563218,0.0001,114.94252873563218
Stakeholder management,1,2,0.011494252873563218,0.0002,57.47126436781609
Statistikk,11,44,0.12643678160919541,0.0044,28.73563218390805
Stipendiat,1,22,0.011494252873563218,0.0022,5.22466039707419
Strategi,5,192,0.05747126436781609,0.0192,2.993295019157088
Studio,1,7,0.011494252873563218,0.0007,16.420361247947454
Subsea,3,41,0.034482758620689655,0.0041,8.410428931875526
Subsurface,1,3,0.011494252873563218,0.0003,38.31417624521073
Superselger,1,2,0.011494252873563218,0.0002,57.47126436781609
Syntetiske data,1,1,0.011494252873563218,0.0001,114.94252873563218
Systemutvikler,2,43,0.022988505747126436,0.0043,5.346164127238706
Systemutvikling,4,66,0.04597701149425287,0.0066,6.966213862765587
Systemvedlikehold,1,2,0.011494252873563218,0.0002,57.47126436781609
Teamleder,1,155,0.011494252873563218,0.0155,0.7415647015202076
Tech Lead,1,4,0.011494252873563218,0.0004,28.735632183908045
Tech lead,1,5,0.011494252873563218,0.0005,22.988505747126435
Teknisk ansvarlig,1,11,0.011494252873563218,0.0011,10.44932079414838
Teknisk koordinering,1,3,0.011494252873563218,0.0003,38.31417624521073
Teknisk leder,2,100,0.022988505747126436,0.01,2.2988505747126435
Teknisk støtte,1,19,0.011494252873563218,0.0019,6.049606775559589
Teknologi,13,164,0.14942528735632185,0.0164,9.111298009531819
Teknologimiljø,1,1,0.011494252873563218,0.0001,114.94252873563218
Teknologiselskap,1,6,0.011494252873563218,0.0006,19.157088122605366
Teknologiutvikling,1,9,0.011494252873563218,0.0009,12.77139208173691
Telefonsalg,2,34,0.022988505747126436,0.0034,6.76132521974307
Termisk fysikk,1,1,0.011494252873563218,0.0001,114.94252873563218
Tidsseriedata,1,1,0.011494252873563218,0.0001,114.94252873563218
Trainee,3,12,0.034482758620689655,0.0012,28.73563218390805
Transaksjonsbehandling,1,1,0.011494252873563218,0.0001,114.94252873563218
Universitet,6,121,0.06896551724137931,0.0121,5.699629524080935
Utvikler,13,90,0.14942528735632185,0.009,16.602809706257986
Utvikling,1,50,0.011494252873563218,0.005,2.2988505747126435
Vedlikehold,3,471,0.034482758620689655,0.0471,0.7321180174244087
Verdipapirer,1,1,0.011494252873563218,0.0001,114.94252873563218
Visuell identitet,1,2,0.011494252873563218,0.0002,57.47126436781609
Vitenskapelig arbeid,1,6,0.011494252873563218,0.0006,19.157088122605366
Vitenskapelig publisering,1,8,0.011494252873563218,0.0008,14.367816091954023
Vue,1,1,0.011494252873563218,0.0001,114.94252873563218
Web,1,2,0.011494252873563218,0.0002,57.47126436781609
analyse,3,41,0.034482758620689655,0.0041,8.410428931875526
automatisering,1,8,0.011494252873563218,0.0008,14.367816091954023
backendutvikling,1,2,0.011494252873563218,0.0002,57.47126436781609
cloud engineer,1,1,0.011494252873563218,0.0001,114.94252873563218
cybersikkerhet,1,6,0.011494252873563218,0.0006,19.157088122605366
data science,2,2,0.022988505747126436,0.0002,114.94252873563218
data scientist,2,2,0.022988505747126436,0.0002,114.94252873563218
dataanalyse,1,5,0.011494252873563218,0.0005,22.988505747126435
dataplattform,1,2,0.011494252873563218,0.0002,57.47126436781609
digital transformasjon,1,3,0.011494252873563218,0.0003,38.31417624521073
digitalisering,3,10,0.034482758620689655,0.001,34.48275862068965
doktorgrad,1,9,0.011494252873563218,0.0009,12.77139208173691
endringsledelse,1,12,0.011494252873563218,0.0012,9.578544061302683
energi,2,5,0.022988505747126436,0.0005,45.97701149425287
energiinformatikk,1,1,0.011494252873563218,0.0001,114.94252873563218
fluiddynamikk,1,1,0.011494252873563218,0.0001,114.94252873563218
forretningsutvikling,1,9,0.011494252873563218,0.0009,12.77139208173691
forsikring,1,4,0.011494252873563218,0.0004,28.735632183908045
forsker,1,7,0.011494252873563218,0.0007,16.420361247947454
forskning,4,15,0.04597701149425287,0.0015,30.65134099616858
fysikk,1,1,0.011494252873563218,0.0001,114.94252873563218
graduate,1,2,0.011494252873563218,0.0002,57.47126436781609
industri,1,20,0.011494252873563218,0.002,5.747126436781609
informatikk,2,4,0.022988505747126436,0.0004,57.47126436781609
infrastruktur som kode,1,1,0.011494252873563218,0.0001,114.94252873563218
ingeniør,2,15,0.022988505747126436,0.0015,15.32567049808429
kausal inferens,1,1,0.011494252873563218,0.0001,114.94252873563218
kjernefysikk,1,1,0.011494252873563218,0.0001,114.94252873563218
konsulent,2,4,0.022988505747126436,0.0004,57.47126436781609
kontor,1,79,0.011494252873563218,0.0079,1.454968718172559
kunstig intelligens,4,6,0.04597701149425287,0.0006,76.62835249042146
ledelse,1,17,0.011494252873563218,0.0017,6.76132521974307
maskinlæring,7,7,0.08045977011494253,0.0007,114.94252873563218
matematikk,1,2,0.011494252873563218,0.0002,57.47126436781609
modellutvikling,2,2,0.022988505747126436,0.0002,114.94252873563218
olje og gass,1,1,0.011494252873563218,0.0001,114.94252873563218
opplæring,1,7,0.011494252873563218,0.0007,16.420361247947454
organisasjonsutvikling,1,39,0.011494252873563218,0.0039,2.9472443265546713
overingeniør,1,2,0.011494252873563218,0.0002,57.47126436781609
personvern,1,4,0.011494252873563218,0.0004,28.735632183908045
petroleumsingeniør,1,1,0.011494252873563218,0.0001,114.94252873563218
plattformutvikling,1,4,0.011494252873563218,0.0004,28.735632183908045
produksjon,1,9,0.011494252873563218,0.0009,12.77139208173691
programmering,4,6,0.04597701149425287,0.0006,76.62835249042146
prosessforbedring,1,4,0.011494252873563218,0.0004,28.735632183908045
prosessingeniør,1,1,0.011494252873563218,0.0001,114.94252873563218
prosjektledelse,3,34,0.034482758620689655,0.0034,10.141987829614605
reaktorsimulering,1,1,0.011494252873563218,0.0001,114.94252873563218
rådgivning,1,10,0.011494252873563218,0.001,11.494252873563218
simulering,2,2,0.022988505747126436,0.0002,114.94252873563218
skyplattform,1,2,0.011494252873563218,0.0002,57.47126436781609
skytjenester,1,1,0.011494252873563218,0.0001,114.94252873563218
spillteori,1,1,0.011494252873563218,0.0001,114.94252873563218
statistikk,2,4,0.022988505747126436,0.0004,57.47126436781609
stipendiat,3,17,0.034482758620689655,0.0017,20.28397565922921
strategi,1,21,0.011494252873563218,0.0021,5.473453749315818
strømnett,1,1,0.011494252873563218,0.0001,114.94252873563218
systemutvikler,1,2,0.011494252873563218,0.0002,57.47126436781609
teamleder,1,4,0.011494252873563218,0.0004,28.735632183908045
teknisk rådgiver,1,2,0.011494252873563218,0.0002,57.47126436781609
teknologi,2,14,0.022988505747126436,0.0014,16.420361247947454
teknologiledelse,2,6,0.022988505747126436,0.0006,38.31417624521073
tjenesteutvikling,1,1,0.011494252873563218,0.0001,114.94252873563218
transport,1,2,0.011494252873563218,0.0002,57.47126436781609
universitet,4,22,0.04597701149425287,0.0022,20.89864158829676
vitenskapelig databehandling,1,1,0.011494252873563218,0.0001,114.94252873563218
workshop,1,1,0.011494252873563218,0.0001,114.94252873563218
Økonomi,1,325,0.011494252873563218,0.0325,0.3536693191865605
