conceptType,conceptUri,preferredLabel,status,altLabels,description,broaderConceptUri,broaderConceptPT
Occupation,http://data.europa.eu/esco/occupation/01ffb917-98dc-48c1-91ad-93c4104e791d,teknisk biomedisiner,released,,"Tekniske biomedisinere kombinerer kunnskap om tekniske prinsipper og biologiske funn for utvikling av medisinske behandlinger, legemidler og generelle helseformål. De kan utvikle løsninger, fra forbedring av innholdsstoffer i tradisjonelle legemidler til utvikling av implantater og behandling av vev.",http://data.europa.eu/esco/occupation/f9433fdb-dde1-46cf-9e91-b49d243946a7,bioingeniør
Occupation,http://data.europa.eu/esco/occupation/0611f232-b30e-46c7-9c26-2d59b1448e79,kriminolog,released,,"Kriminologer studerer forhold knyttet til mennesker, for eksempel sosiale og psykologiske aspekter, som kan føre til at de begår straffbare handlinger. De observerer og analyserer ulike faktorer, fra atferdsmessige forhold til sosial bakgrunn og miljøet til lovbrytere for å gi organisasjoner råd om forebygging av kriminalitet.",http://data.europa.eu/esco/isco/C2632,Rådgivere/forskere
Occupation,http://data.europa.eu/esco/occupation/0959cd1d-f6c8-4362-939a-ad7d5f75d659,universitetslærer i økonomi,released,,"Universitetslærere i økonomi er professorer, lektorer, lærere, forelesere, foreleserassistenter, veiledere osv. som underviser studenter i økonomi. De utarbeider læreplaner, forbereder forelesninger, seminarer, kurs osv., følger opp læringsresultater og har tilsyn med studentenes studieforløp. De driver akademisk forskning innen økonomifaget og legger fram sine funn på konferanser og i publikasjoner. De er involvert i noen lederfunksjoner ved universitetet.",http://data.europa.eu/esco/occupation/684fd8d5-9b40-4b02-a680-438f0082d923,lektor
Occupation,http://data.europa.eu/esco/occupation/0bf5d25a-2b4d-43b5-b053-beeb210fa43a,universitetslærer i legevitenskap,released,,"Universitetslærere i legevitenskap er professorer, lærere eller forelesere, og ofte leger, som underviser studenter i medisin, som hovedsakelig er et akademisk fag. De samarbeider med sine forsknings- og undervisningsassistenter på universitetet for å forberede forelesninger og eksamener, rette prøver og eksamener, lede laboratorieøvelser og lede evaluerings- og tilbakemeldingssammenkomster for studentene. De driver også akademisk forskning innen medisin, de publiserer funn, og de samarbeider med andre universitetskollegaer.",http://data.europa.eu/esco/occupation/684fd8d5-9b40-4b02-a680-438f0082d923,lektor
Occupation,http://data.europa.eu/esco/occupation/0c7c9606-fde3-4658-8136-8fe0c9b8bd09,"ingeniør, medisinsk teknologi",released,,"Ingeniører, medisinsk teknologi utformer og utvikler medisintekniske systemer, installasjoner og apparater som pacemakere, MR-skannere og røntgenmaskiner. De følger opp hele produksjonsprosessen fra konseptutvikling til produktgjennomføring. De utarbeider produktforbedringer, utvikler metoder og teknikker for å evaluere designegnethet, samordner innledende produksjon, utvikler testprosedyrer, tegner produksjonsdiagrammer og utfører andre oppgaver.",http://data.europa.eu/esco/occupation/4d34a9ee-2653-4da0-bef7-f59294577224,elektronikkingeniør
Occupation,http://data.europa.eu/esco/occupation/0cd729a6-ed11-4338-ac4b-d4b924390128,historiker,released,,"Historikere undersøker, analyserer, tolker og presenterer tidligere menneskesamfunn. De analyserer dokumenter, kilder og spor fra fortiden, for å forstå tidligere samfunn.",http://data.europa.eu/esco/isco/C2633,Rådgivere/forskere
Occupation,http://data.europa.eu/esco/occupation/0d93706d-32fd-4de3-aa08-be1003e325da,kjemiker,released,,"Kjemikere forsker på stoffers kjemiske struktur i laboratorier. De omsetter forskningsresultatene til industriproduksjonsprosesser, som blir brukt videre i utviklingen eller forbedringen av produkter. Kjemikere prøver også kvaliteten på de framstilte produktene og deres miljøpåvirkning.",http://data.europa.eu/esco/isco/C2113,Kjemikere
Occupation,http://data.europa.eu/esco/occupation/10291962-c0c7-4e5b-a7ed-0762b4d9b010,farmakolog,released,,"Farmakologer studerer hvordan legemidler interagerer med organismer, levende systemer og deres deler (dvs. celler, vev eller organer). Gjennom sin forskning bidrar de til å identifisere stoffer som kan inntas av mennesker, og som har de biokjemiske egenskapene som skal til for å helbrede sykdommer.",http://data.europa.eu/esco/isco/C2131,Biologer
Occupation,http://data.europa.eu/esco/occupation/116b4c55-5bd0-41e9-9227-98d7ecffeaf6,universitetslærer i sosiologi,released,,"Universitetslærere i sosiologi er professorer, lærere eller forelesere som underviser studenter i sosiologi, som hovedsakelig er et akademisk fag. De samarbeider med sine forsknings- og undervisningsassistenter på universitetet 
for å forberede forelesninger og eksamener, rette prøver og eksamener og lede evaluerings- og tilbakemeldingssammenkomster for studentene. De driver også akademisk forskning på innen sosiologi, de publiserer funn, og de samarbeider med andre universitetskollegaer.",http://data.europa.eu/esco/occupation/684fd8d5-9b40-4b02-a680-438f0082d923,lektor
Occupation,http://data.europa.eu/esco/occupation/11a6d0f6-e692-4774-aa5f-193b67d31022,kinesiolog,released,,"Kinesiologer studerer og forsker på kroppens bevegelse, dens muskler og deler. De analyserer og bruker vitenskapelige data og metoder for å forbedre kroppsbevegelse, generelt hos mennesker, gjennom en forståelse av slike områder som fysiologi, kinetikk, nevrologi og biologi. De gjenkjenner virkningene som noen faktorer, som kroppstilstand, har på bevegelse, og utvikler løsninger for å forbedre generell mekanikk og bevegelighet.",http://data.europa.eu/esco/isco/C2269,Kiropraktorer mv.
Occupation,http://data.europa.eu/esco/occupation/11b6390b-1e48-4903-a5df-d3e04b451a19,kosmetikkjemiker,released,,"Kosmetikkjemikere utvikler formler for å skape og teste nye kosmetiske produkter og forbedre eksisterende kosmetiske produkter som parfymer og dufter, leppestift, vanntette lotioner og sminke, hårfarge, såper og rengjøringsmidler med spesielle egenskaper, hudprodukter eller helsetilskudd.",http://data.europa.eu/esco/occupation/0d93706d-32fd-4de3-aa08-be1003e325da,kjemiker
Occupation,http://data.europa.eu/esco/occupation/11d72bd6-779a-4643-9962-313833740094,miljøforsker,released,,"Miljøforskere identifiserer problemer og finner løsninger for å begrense miljøfarer ved å utføre analyse på prøver som luft, vann eller jord. De gir råd om eller utarbeider miljøstrategier og arbeider for bedre vern av vannforsyninger og bedre håndtering av avfallsdeponier. Miljøforskere utfører miljørisikovurderinger og analyserer miljøkonsekvensene av nye løsninger, byggeplasser eller miljøforandringer for å sikre at miljøbestemmelsene blir fulgt.",http://data.europa.eu/esco/isco/C2133,Miljøvernrådgivere
Occupation,http://data.europa.eu/esco/occupation/11df8941-508c-4103-ad40-52cdf9430a59,sosiolog,released,,"Sosiologer retter forskningen sin mot å forklare sosial atferd og måten folk har organisert seg på som et samfunn. De forsker på og forklarer hvordan samfunn har utviklet seg ved å beskrive deres rettslige, politiske og økonomiske systemer og tilhørende kulturelle uttrykk.",http://data.europa.eu/esco/isco/C2632,Rådgivere/forskere
Occupation,http://data.europa.eu/esco/occupation/1738173e-ef9c-4222-88c8-b6aa9bad3cf7,biofysiker,released,,"Biofysikere studerer det eksisterende forholdet mellom levende organismer og fysikk. De gjennomfører forskning på levende organismer basert på fysikalske metoder som har som mål å forklare livets kompleksitet, forutse mønstre og trekke konklusjoner om aspekter ved liv. Biofysikere forsker blant annet på DNA, proteiner, molekyler, celler og miljøer.",http://data.europa.eu/esco/occupation/eee68e13-8248-43bb-a9fb-959832a6c217,biolog
Occupation,http://data.europa.eu/esco/occupation/19db5ad1-ffbf-41a0-8746-d3878f0d5dbd,medieforsker,released,,"Medieforskere forsker på mediers rolle og innvirkning på samfunnet. De observerer og dokumenterer bruken av ulike typer medier, for eksempel aviser, radio og fjernsyn, og responsen fra samfunnet.",http://data.europa.eu/esco/occupation/acf69cab-8629-45c8-ae10-c8fb15f474b6,antropolog
Occupation,http://data.europa.eu/esco/occupation/1bbaf82c-67ae-4beb-9a55-7298acf5b2af,universitetslærer i sykepleie,released,,"Universitetslærere i sykepleie er professorer, lærere eller forelesere, og ofte leger, som underviser studenter i sykepleie, som hovedsakelig er et akademisk fag. De samarbeider med sine forsknings- og undervisningsassistenter på universitetet for å forberede forelesninger og eksamener, rette prøver og eksamener, lede laboratorieøvelser og lede evaluerings- og tilbakemeldingssammenkomster for studentene. De driver også akademisk forskning innen sykepleiefaget, de publiserer funn, og de samarbeider med andre universitetskollegaer.",http://data.europa.eu/esco/occupation/684fd8d5-9b40-4b02-a680-438f0082d923,lektor
Occupation,http://data.europa.eu/esco/occupation/1c862e14-80f8-4aa8-8f1c-fd2ca95b63ad,meteorolog,released,,"Meteorologer studerer klimaprosesser, måler og forutser værmønstre og leverer rådgivningstjenester til en rekke brukere av værinformasjon. De utarbeider modeller for værmelding, utvikler instrumenter for å samle inn meteorologiske data og sammenstiller statistikk og databaser.",http://data.europa.eu/esco/isco/C2112,Meteorologer
Occupation,http://data.europa.eu/esco/occupation/2026adb2-62d7-4b92-9ccb-105abdebe37d,"ingeniør, elektromagnetisme",released,,"Ingeniører, elektromagnetisme utformer og utvikler elektromagnetiske systemer, innretninger og komponenter, som elektromagneter i høyttalere, elektromagnetiske låser, strømførende magneter i MR-apparater og magneter i elektriske motorer.",http://data.europa.eu/esco/occupation/86ca306c-ab99-420a-9e2a-aa73c5c4de22,"ingeniør, elektro"
Occupation,http://data.europa.eu/esco/occupation/203ea2ee-bbee-4aaf-83d7-2f2225f916e3,arkeolog,released,,"Arkeologer forsker på og studerer tidligere sivilisasjoner og bosetninger gjennom innsamling og undersøkelse av levninger. De analyserer og trekker konklusjoner om et bredt spekter av saker, for eksempel hierarkisystemer, språklige forhold, kultur og politikk på grunnlag av studiet av objekter, strukturer, fossiler, levninger og artefakter som mennesker har etterlatt seg. Arkeologer bruker ulike interdisiplinære metoder, for eksempel stratigrafi, typologi, 3D-analyse, matematikk og modellering.",http://data.europa.eu/esco/isco/C2632,Rådgivere/forskere
Occupation,http://data.europa.eu/esco/occupation/25829508-63f3-41c3-affc-ddbb5c077930,fysiolog,released,,"Fysiologer studerer og forsker på funksjonen til forskjellige levende organismer, delene de består av, og interaksjonene mellom dem. De forstår hvordan levende systemer reagerer på faktorer som sykdommer, fysisk aktivitet og stress, og bruker den informasjonen til å utvikle metoder og løsninger for å jevne ut effekten som disse stimuliene har i levende kropper.",http://data.europa.eu/esco/occupation/eee68e13-8248-43bb-a9fb-959832a6c217,biolog
Occupation,http://data.europa.eu/esco/occupation/258e46f9-0075-4a2e-adae-1ff0477e0f30,forsker innen datavitenskap,released,,"Forskere innen datavitenskap finner og tolker rike datakilder, administrerer store mengder data, slår sammen datakilder, sikrer konsistente datasett og lager visualiseringer for å hjelpe med å forstå dataene. De bygger matematiske modeller ved hjelp av data, presenterer og kommuniserer datainnsikt og -resultater til spesialister og forskere i temaet, og hvis nødvendig, til et publikum av ikke-eksperter, og anbefaler måter å bruke dataene på.",http://data.europa.eu/esco/isco/C2511,Systemanalytikere/-arkitekter
Occupation,http://data.europa.eu/esco/occupation/30058b71-fe16-45ea-a2b8-d5461c706372,universitetslærer i bedriftsøkonomi,released,,"Universitetslærere i bedriftsøkonomi er professorer, lærere eller forelesere som underviser studenter i bedriftsøkonomi, som hovedsakelig er et akademisk fag. De samarbeider med sine forsknings- og undervisningsassistenter på universitetet 
for å forberede forelesninger og eksamener, rette prøver og eksamener og lede evaluerings- og tilbakemeldingssammenkomster for studentene. De driver også akademisk forskning innen bedriftsøkonomi, de publiserer funn, og de samarbeider med andre universitetskollegaer.",http://data.europa.eu/esco/occupation/684fd8d5-9b40-4b02-a680-438f0082d923,lektor
Occupation,http://data.europa.eu/esco/occupation/306e9867-cf55-446f-88c6-8adad5369f8c,universitetslærer i geovitenskap,released,,"Universitetslærere i geovitenskap er professorer, lærere eller forelesere som underviser studenter i geovitenskap, som hovedsakelig er et akademisk fag. De samarbeider med sine forsknings- og undervisningsassistenter på universitetet for å forberede forelesninger og eksamener, rette prøver og eksamener og lede evaluerings- og tilbakemeldingssammenkomster for studentene. De driver også akademisk forskning innen geovitenskap, de publiserer funn, og de samarbeider med andre universitetskollegaer.",http://data.europa.eu/esco/occupation/684fd8d5-9b40-4b02-a680-438f0082d923,lektor
Occupation,http://data.europa.eu/esco/occupation/35d41f4f-334b-452e-9e31-99f376302493,"ingeniør, optoelektronikk",released,,"Ingeniører, optoelektronikk utformer og utvikler optoelektroniske systemer og innretninger, blant annet UV-sensorer, fotodioder og lysdioder. Ingeniører, optoelektronikk kombinerer optisk teknikk med elektronisk teknikk i utformingen av disse systemene og innretningene. De driver forskning, utfører analyse, prøver utstyret og har tilsyn med forskningen.",http://data.europa.eu/esco/occupation/4d34a9ee-2653-4da0-bef7-f59294577224,elektronikkingeniør
Occupation,http://data.europa.eu/esco/occupation/3af4d6be-90b5-41f6-be06-3330dab3df73,forsker i sosialarbeid,released,,"Forskere i sosialarbeid administrerer forskningsprosjekter med sikte på å undersøke og legge fram rapporter om sosiale problemer. De samler først inn informasjon gjennom intervjuer, fokusgrupper og spørreskjemaer. Deretter organiserer og analyserer de informasjonen ved hjelp av dataprogramvarepakker. De analyserer sosiale problemer og behov, og de ulike metodene og teknikkene for å svare på dem.",http://data.europa.eu/esco/occupation/11df8941-508c-4103-ad40-52cdf9430a59,sosiolog
Occupation,http://data.europa.eu/esco/occupation/3c305542-a51b-4b96-8d45-af11ca05eaa2,universitetslærer i veterinærmedisin,released,,"Universitetslærere i veterinærmedisin er professorer, lærere eller forelesere, og ofte leger, som underviser studenter i veterinærmedisin, som hovedsakelig er et akademisk fag. De samarbeider med sine forsknings- og undervisningsassistenter på universitetet for å forberede forelesninger og eksamener, rette prøver og eksamener, lede laboratorieøvelser og lede evaluerings- og tilbakemeldingssammenkomster for studentene. De driver også akademisk forskning innen veterinærmedisin, de publiserer funn, og de samarbeider med andre universitetskollegaer.",http://data.europa.eu/esco/occupation/684fd8d5-9b40-4b02-a680-438f0082d923,lektor
Occupation,http://data.europa.eu/esco/occupation/3d7a1284-824c-47d9-8387-b8e1cd5888b5,universitetslærer i tannlegevitenskap,released,,"Universitetslærere i tannlegevitenskap er professorer, lærere eller forelesere, og ofte leger, som underviser studenter i tannlegevitenskap, som hovedsakelig er et akademisk fag. De samarbeider med sine forsknings- og undervisningsassistenter på universitetet for å forberede forelesninger og eksamener, rette prøver og eksamener, lede laboratorieøvelser og lede evaluerings- og tilbakemeldingssammenkomster for studentene. De driver også akademisk forskning innen tannlegevitenskapen, de publiserer funn, og de samarbeider med andre universitetskollegaer.",http://data.europa.eu/esco/occupation/684fd8d5-9b40-4b02-a680-438f0082d923,lektor
Occupation,http://data.europa.eu/esco/occupation/3dbd758c-6dc0-41fe-8248-2250c9bfa4ab,klimatolog,released,,"Klimatologer studerer gjennomsnittsforandring i vær og klima i et langsiktig perspektiv. De undersøker og analyserer historiske værforhold for å melde trender i klimatiske forhold som endringer i temperatur, global oppvarming eller regionale værforhold under utvikling. De bruker disse funnene til å gi råd om miljøpolitikk, bygging, landbruksprosjekter og samfunnsspørsmål.",http://data.europa.eu/esco/occupation/1c862e14-80f8-4aa8-8f1c-fd2ca95b63ad,meteorolog
Occupation,http://data.europa.eu/esco/occupation/3f7b7ce5-94b6-4e0c-98e7-a4ee5a6accf4,toksikolog,released,,"Toksikologer studerer effektene som kjemiske stoffer eller biologiske og fysiske agenser har i levende organismer, nærmere bestemt på miljøet og på dyre- og menneskehelsen. De fastslår hvor høye doser av et stoff som skal til for at det skal oppstå toksiske effekter i miljøer, hos personer og hos levende organismer. De utfører også forsøk på dyr og cellekulturer.",http://data.europa.eu/esco/occupation/eee68e13-8248-43bb-a9fb-959832a6c217,biolog
Occupation,http://data.europa.eu/esco/occupation/441a5b76-2f51-4704-9df7-3b8e715dd3ad,atferdsforsker,released,,"Atferdsforskere undersøker, observerer og beskriver menneskelig atferd i samfunnet. De trekker konklusjoner om hva som bestemmer hvordan mennesker handler, de observerer forskjellige omstendigheter for ulik atferd, og de beskriver ulike personligheter. De gir råd til organisasjoner og myndigheter på dette området. De kan også analysere dyrs atferd.",http://data.europa.eu/esco/isco/C2632,Rådgivere/forskere
Occupation,http://data.europa.eu/esco/occupation/479ede81-bd51-4f3b-9d30-4910699fd211,universitetslærer i journalistikk,released,,"Universitetslærere i journalistikk og medier er professorer, lærere eller forelesere som underviser studenter i journalistikk og media, som hovedsakelig er et akademisk fag. De samarbeider med sine forsknings- og undervisningsassistenter på universitetet for å forberede forelesninger og eksamener, rette prøver og eksamener og lede evaluerings- og tilbakemeldingssammenkomster for studentene. De driver også akademisk forskning innen journalistikk og medier, de publiserer funn, og de samarbeider med andre universitetskollegaer.",http://data.europa.eu/esco/occupation/684fd8d5-9b40-4b02-a680-438f0082d923,lektor
Occupation,http://data.europa.eu/esco/occupation/49023c69-302f-4671-b26f-7229d1a53915,universitetslærer i kommunikasjon,released,,"Universitetslærere i kommunikasjon er professorer, lærere eller forelesere som underviser studenter i kommunikasjon, som hovedsakelig er et akademisk fag. De samarbeider med sine forsknings- og undervisningsassistenter på universitetet for å forberede forelesninger og eksamener, rette prøver og eksamener og lede evaluerings- og tilbakemeldingssammenkomster for studentene. De driver også akademisk forskning innen kommunikasjon, de publiserer funn, og de samarbeider med andre universitetskollegaer.",http://data.europa.eu/esco/occupation/684fd8d5-9b40-4b02-a680-438f0082d923,lektor
Occupation,http://data.europa.eu/esco/occupation/4b759f0e-8fec-4cf5-80d4-d112a9fd4e51,havforsker,released,,"Havforskere studerer og driver forskning på spørsmål knyttet til sjøen og havet. Havforskere arbeider innen forskjellige forskningsgrener: Det fysiske aspektet, der de fokuserer på bølger og tidevann; det kjemiske aspektet, der de fokuserer på den kjemiske sammensetningen av sjøvann; og det geologiske aspektet, der de fokuserer på havbunnen og dets plater.
   ",http://data.europa.eu/esco/occupation/c6196b21-20f9-4608-83fb-6f143afc740d,geolog
Occupation,http://data.europa.eu/esco/occupation/4e8a5d3e-66de-4661-9927-ef3123cc79e9,universitetslærer i arkitektur,released,,"Universitetslærere i arkitektur er professorer, lærere eller forelesere som underviser studenter i arkitektur, som hovedsakelig er et akademisk fag. De samarbeider med sine forsknings- og undervisningsassistenter på universitetet for å forberede forelesninger og eksamener, rette prøver og eksamener og lede evaluerings- og tilbakemeldingssammenkomster for studentene. De driver også akademisk forskning innen arkitektur, de publiserer funn, og de samarbeider med andre universitetskollegaer.",http://data.europa.eu/esco/occupation/684fd8d5-9b40-4b02-a680-438f0082d923,lektor
Occupation,http://data.europa.eu/esco/occupation/4f4d33a1-0b41-4dd9-8a42-aeba5a3974ab,"ingeniør, sensorteknikk",released,,"Ingeniører, sensorteknikk utformer og utvikler sensorer, sensorsystemer og produkter som er utstyrt med sensorer. De planlegger og har tilsyn med framstillingen av disse produktene.",http://data.europa.eu/esco/occupation/4d34a9ee-2653-4da0-bef7-f59294577224,elektronikkingeniør
Occupation,http://data.europa.eu/esco/occupation/4f89b0d2-b666-4890-af01-25d1d60da1f3,statsviter,released,,"Statsvitere studerer politisk atferd, politisk virksomhet og politiske systemer og tilhørende elementer. De studerer alt fra opprinnelsen til og utviklingen av ulike politiske systemer til aktuelle saker, for eksempel beslutningstakingsprosesser, politisk atferd, politiske trender, samfunn og maktperspektiver. De gir råd til myndigheter og organisasjoner i styringssaker.",http://data.europa.eu/esco/isco/C2633,Rådgivere/forskere
Occupation,http://data.europa.eu/esco/occupation/52ded7d7-11df-42e3-b90a-d7f4b70fb4b9,psykolog,released,,"Psykologer studerer atferd og psykiske prosesser hos mennesker. De leverer tjenester til klienter som strever med psykiske helseproblemer og problemer knyttet til sorg, relasjonsutfordringer, familievold og seksuelt misbruk. De gir også rådgivning i forbindelse med psykiske helseproblemer, for eksempel spiseforstyrrelser, post-traumatiske stresslidelser og psykose, for å kunne hjelpe klienter med å rehabilitere og få en sunn atferd.",http://data.europa.eu/esco/isco/C2634,Psykologer
Occupation,http://data.europa.eu/esco/occupation/55167849-82cf-484e-b818-fa702a4e69e9,hydrolog,released,,"Hydrologer utreder og studerer kvaliteten på, aktuelle utfordringer med og distribusjon av vann på jorden. De studerer vannforsyning fra elver, bekker og kilder for å bestemme adekvat og bærekraftig bruk av dem. Sammen med tverrfaglige team av fagfolk planlegger og utreder de hvordan byer og byområder kan forsynes med vann samtidig som effektivitet og ressursvern ivaretas.",http://data.europa.eu/esco/occupation/c6196b21-20f9-4608-83fb-6f143afc740d,geolog
Occupation,http://data.europa.eu/esco/occupation/557f9ccc-4e46-4bb2-8d20-272cd978b152,veterinærforskning,released,,"Veterinærforskere utvikler og forsker på dyremodeller, sammenligner grunnleggende biologi på tvers av ulike dyr og omdanner forskningsresultatene til forskjellige arter, herunder mennesker.",http://data.europa.eu/esco/isco/C2250,Veterinærer
Occupation,http://data.europa.eu/esco/occupation/55a785db-0636-41b8-950f-0b65abe5e81b,universitetslærer i farmasi,released,,"Universitetslærere i farmasi er professorer, lærere eller forelesere som underviser studenter i farmasi, som hovedsakelig er et akademisk fag. De samarbeider med sine forsknings- og undervisningsassistenter på universitetet 
for å forberede forelesninger og eksamener, lede laboratorieøvelser, rette prøver og eksamener og lede evaluerings- og tilbakemeldingssammenkomster for studentene. De driver også akademisk forskning innen farmasi, de publiserer funn, og de samarbeider med andre universitetskollegaer.",http://data.europa.eu/esco/occupation/684fd8d5-9b40-4b02-a680-438f0082d923,lektor
Occupation,http://data.europa.eu/esco/occupation/574f3232-1d07-4034-8cac-c57ddbfff192,analysekjemiker,released,,"Analysekjemikere forsker på og beskriver den kjemiske sammensetningen av stoffer. Dessuten trekker de konklusjoner knyttet til hvordan slike stoffer oppfører seg i forskjellige tilstander. Analysekjemikere spiller en viktig rolle i å se på forholdet mellom kjemi og miljøet, mat, drivstoff og medisin. De bruker en rekke teknikker som elektrokromatografi, gass og høytytende flytende kromatografi og spektroskopi.
	",http://data.europa.eu/esco/occupation/0d93706d-32fd-4de3-aa08-be1003e325da,kjemiker
Occupation,http://data.europa.eu/esco/occupation/57a12047-4f1e-40ed-add5-9736923f231b,astronom,released,,"Astronomer forsker på dannelse, oppbygning, egenskaper og utvikling av himmellegemer og interstellar materie. De samler inn forskningsdata om rommet ved hjelp av bakkebasert og rombasert utstyr.",http://data.europa.eu/esco/isco/C2111,Fysikere og astronomer
Occupation,http://data.europa.eu/esco/occupation/59a02420-91df-4e46-b37b-22e3fd8c11f0,universitetslærer i fysikk,released,,"Universitetslærere i fysikk er professorer, lærere eller forelesere som underviser studenter i, fysikk, som hovedsakelig er et akademisk fag. De samarbeider med sine forsknings- og undervisningsassistenter på universitetet 
for å forberede forelesninger og eksamener, lede laboratorieøvelser, rette prøver og eksamener og lede evaluerings- og tilbakemeldingssammenkomster for studentene. De driver også akademisk forskning innen fysikkfaget, de publiserer funn, og de samarbeider med andre universitetskollegaer.",http://data.europa.eu/esco/occupation/684fd8d5-9b40-4b02-a680-438f0082d923,lektor
Occupation,http://data.europa.eu/esco/occupation/5a282a39-5346-454a-b1ef-c1217c50e156,utdannelsesforsker,released,,"Utdannelsesforskere driver forskning innenfor utdanning. De jobber for å utdype kunnskapen om hvordan utdanningsprosesser, utdanningssystemer og enkeltpersoner (lærere og studenter/elever) fungerer. De identifiserer forbedringsområder og utarbeider planer for gjennomføring av innovasjoner. De gir råd til beslutningstakere i utdanningsspørsmål og bidrar i planleggingen av utdanningspolitikk.",http://data.europa.eu/esco/isco/C2351,Spesialister i pedagogikk
Occupation,http://data.europa.eu/esco/occupation/5ac65daa-0896-4193-9f0e-8b00746b78a1,forskningsassistent på universitet,released,,"Forskningsassistenter på universitet driver akademisk forskning for universitetet eller skolen de er ansatt ved. De kan bistå professorer de er tilknyttet, sin veileder, i deres forskning eller utvikle sin egen forskning på den aktuelle professorens felt.",http://data.europa.eu/esco/occupation/684fd8d5-9b40-4b02-a680-438f0082d923,lektor
Occupation,http://data.europa.eu/esco/occupation/5fdfa822-c1ba-477e-87cc-3d742e59310d,universitetslærer i biologi,released,,"Universitetslærere i biologi er professorer, lærere eller forelesere som underviser studenter i biologi. De samarbeider med sine forsknings- og undervisningsassistenter på universitetet for å forberede forelesninger og eksamener, lede laboratorieøvelser, rette prøver og eksamener og lede evaluerings- og tilbakemeldingssammenkomster for studentene. De driver også akademisk forskning innen biologi, de publiserer funn, og de samarbeider med andre universitetskollegaer.",http://data.europa.eu/esco/occupation/684fd8d5-9b40-4b02-a680-438f0082d923,lektor
Occupation,http://data.europa.eu/esco/occupation/605e58d6-ad27-4828-b1f5-16707f327fa0,universitetslærer i utdanningsstudier,released,,"Universitetslærere i utdanningsstudier er professorer, lærere, eller forelesere som underviser studenter som ønsker å bli lærere, i undervisningsstudier. De samarbeider med sine forsknings- og undervisningsassistenter på universitetet for å forberede forelesninger og eksamener, rette prøver og eksamener og lede evaluerings- og tilbakemeldingssammenkomster for studentene.",http://data.europa.eu/esco/occupation/684fd8d5-9b40-4b02-a680-438f0082d923,lektor
Occupation,http://data.europa.eu/esco/occupation/6140be85-2d45-44b2-b0ba-412aadcead1e,genetiker,released,,"Genetikere studerer og fokuserer sin forskning på genetikk. De analyserer hvordan gener interagerer, fungerer og arver særtrekk og egenskaper. Basert på sin forskning pleier de pasienter med arvede sykdommer og tilstander, medfødte misdannelser og generelt genetiske saker.",http://data.europa.eu/esco/occupation/eee68e13-8248-43bb-a9fb-959832a6c217,biolog
Occupation,http://data.europa.eu/esco/occupation/66527cdc-b7a5-4996-9448-7e327b68d08d,universitetslærer i kunstvitenskap,released,,"Universitetslærere i kunstvitenskap er professorer, lærere eller forelesere som underviser studenter i kunstvitenskap, som hovedsakelig er et akademisk fag. De samarbeider med sine forsknings- og undervisningsassistenter på universitetet for å forberede forelesninger og eksamener, rette prøver og eksamener og lede evaluerings- og tilbakemeldingssammenkomster for studentene. De driver også akademisk forskning innen kunstvitenskap, de publiserer funn, og de samarbeider med andre universitetskollegaer.",http://data.europa.eu/esco/occupation/684fd8d5-9b40-4b02-a680-438f0082d923,lektor
Occupation,http://data.europa.eu/esco/occupation/684fd8d5-9b40-4b02-a680-438f0082d923,lektor,released,,"Lektorer underviser studenter i sitt eget fagfelt, som hovedsakelig er et akademisk fag. De kan ha stillingsbetegnelser som førstelektor eller professor. De arbeider med sine undervisnings- og forskningsassistenter for å forberede forelesninger og eksamener, rette prøver og eksamener, lede laboratorieøvelser og lede evaluerings- og tilbakemeldingssammenkomster for studentene. De driver også akademisk forskning på sitt felt, de publiserer funn, og de samarbeider med andre universitetskollegaer.",http://data.europa.eu/esco/isco/C2310,Universitets- og høyskolelektorer/-lærere
Occupation,http://data.europa.eu/esco/occupation/68d973df-bf10-4bf7-9a1b-fbd9f604b9db,bioinformatiker,released,,"Bioinformatikere analyserer biologiske prosesser ved hjelp av dataprogrammer. De vedlikeholder eller bygger databaser som inneholder biologisk informasjon. Bioinformatikere samler inn og analyserer biologiske data og kan dessuten bistå forskere på forskjellige områder, herunder innen bioteknologi og farmasi. De gjennomfører vitenskapelig forskning og statistiske analyser, og melder sine funn. Bioinformatikere kan også ta DNA-prøver, oppdage datamønstre og forske på gener.",http://data.europa.eu/esco/isco/C2131,Biologer
Occupation,http://data.europa.eu/esco/occupation/68f4fdd9-182c-4c0d-a73d-f767b8a8355e,akvakulturbiolog,released,,"Akvakulturbiologer anvender kunnskap fra forskning på vannlevende dyr og planteliv og deres interaksjoner med hverandre og miljøet, for å forbedre akvakulturproduksjon, forebygge dyrehelse- og miljøproblemer og levere løsninger om nødvendig.",http://data.europa.eu/esco/occupation/eee68e13-8248-43bb-a9fb-959832a6c217,biolog
Occupation,http://data.europa.eu/esco/occupation/6cd08cbe-7611-4d70-8886-6c59c0385442,kommunikasjonsforsker,released,,"Kommunikasjonsforskere forsker på de ulike aspektene ved planlegging, innsamling, oppretting, organisering, konservering, bruk, evaluering og utveksling av informasjon gjennom muntlig eller ikke-muntlig kommunikasjon. De studerer samspillet mellom grupper, mellom enkeltpersoner og mellom enkeltpersoner og teknologi (roboter).",http://data.europa.eu/esco/occupation/acf69cab-8629-45c8-ae10-c8fb15f474b6,antropolog
Occupation,http://data.europa.eu/esco/occupation/6d421d34-baa1-44f9-9ea0-231d76e325fd,religionsforsker,released,,"Religionsforskere studerer begreper knyttet til religioner, tro og spiritualitet. De bruker rasjonalitet i sitt arbeid med moral og etikk, ved å studere den hellige skrift, religion, disiplin og guddommelig lov.",http://data.europa.eu/esco/isco/C2636,Geistlige yrker
Occupation,http://data.europa.eu/esco/occupation/6df6c5cb-c1a2-42c8-acd0-1ee5563c36c1,biokjemiker,released,,Biokjemikere studerer og forsker på reaksjonene kjemikalier forårsaker i levende organismer. De arbeider blant annet med å utvikle eller forbedre kjemikaliebaserte produkter (f.eks. legemidler) som skal forbedre helsen til levende organismer.,http://data.europa.eu/esco/occupation/eee68e13-8248-43bb-a9fb-959832a6c217,biolog
Occupation,http://data.europa.eu/esco/occupation/6e92d4b5-3167-4166-802f-da7753951a31,IT-forskningskonsulent,released,,"IKT-forskningskonsulenter utfører målrettet IKT-forskning og leverer en endelig rapport til kunden. De bruker også IKT-verktøy til å designe spørreskjemaer til undersøkelser, analysere resultater, skrive rapporter, presentere resultater og gi anbefalinger på grunnlag av forskningsresultater.",http://data.europa.eu/esco/isco/C2511,Systemanalytikere/-arkitekter
Occupation,http://data.europa.eu/esco/occupation/71f09c8b-a172-408c-b9e7-32e580e39ff6,allmennpraktiserende lege,released,,"Allmennpraktiserende leger fremmer helse, forebygger og identifiserer dårlig helse, diagnostiserer og behandler sykdommer og fremmer tilfriskning fra fysisk og psykisk sykdom og helselidelser av alle typer for alle personer uansett alder, kjønn eller type helseproblem.",http://data.europa.eu/esco/isco/C2211,Allmennpraktiserende leger
Occupation,http://data.europa.eu/esco/occupation/72628f3a-fd49-499a-9741-870b0a1fcef2,matematiker,released,,Matematikere utdyper eksisterende matematisk kunnskap og utvikler nye paradigmer på feltet. De kan anvende matematiske lover på målinger og mengdeangivelser og sikre at tekniske og vitenskapelige prosjekter er gjennomførbare.,http://data.europa.eu/esco/isco/C2120,Matematikere
Occupation,http://data.europa.eu/esco/occupation/73ceb2f9-18e3-4cfe-9c06-e9fb31ece440,forsknings- og utviklingssjef,released,,"Forsknings- og utviklingssjefer samordner arbeidet til realister, akademiske forskere, produktutviklere og markedsforskere for å skape nye produkter, forbedre eksisterende produkter eller drive annen forskningsvirksomhet, herunder vitenskapelig forskning. De administrerer og planlegger forsknings- og utviklingsvirksomheten i en organisasjon, fastsetter mål og budsjettkrav og administrerer personalet.",http://data.europa.eu/esco/isco/C1223,Forsknings- og utviklingsledere
Occupation,http://data.europa.eu/esco/occupation/778c1d37-69f2-4184-ac98-03b7dbfba332,"ingeniør, fotonikk",released,,"Ingeniører, fotonikk arbeider med generering, overføring, transformasjon og påvisning av lys. De forsker på, utformer, monterer, tester og setter i drift fotoniske komponenter og systemer på flere bruksområder, fra optisk kommunikasjon til medisinsk instrumentering, materialbehandling og sensorteknologi.",http://data.europa.eu/esco/occupation/ab3c4d3e-3189-47ad-82af-57cdae3cb589,"ingeniør, optikk"
Occupation,http://data.europa.eu/esco/occupation/77abfaec-a250-4765-95fa-6091e8da1bba,"ingeniør, elektromekanikk",released,,"Ingeniører, elektromekanikk utformer og utvikler utstyr og maskiner som bruker både elektro- og maskinteknikk. De skriver utkast og utarbeider dokumenter om materialbehov, monteringsprosessen og andre tekniske spesifikasjoner. Ingeniører, elektromekanikk prøver og evaluerer også prototypene. De har tilsyn med framstillingsprosessen.",http://data.europa.eu/esco/occupation/86ca306c-ab99-420a-9e2a-aa73c5c4de22,"ingeniør, elektro"
Occupation,http://data.europa.eu/esco/occupation/7c132147-428b-4ea3-87e1-70f7abb691ce,farmasøyt,released,,"Farmasøyter klargjør, dispenserer og utleverer reseptfrie legemidler. De gir klinisk informasjon om legemidler, informerer om mulige bivirkninger og yter tilpasset støtte til pasienter. Farmasøyter formulerer og prøver legemidler i laboratorier, og lagrer, konserverer og distribuerer dem.",http://data.europa.eu/esco/isco/C2262,Farmasøyter
Occupation,http://data.europa.eu/esco/occupation/7dea476a-dffe-4919-9ee2-fb222e283f41,universitetslærer i psykologi,released,,"Universitetslærere i psykologi er professorer, lærere eller forelesere som underviser studenter i psykologi, som hovedsakelig er et akademisk fag. De samarbeider med sine forsknings- og undervisningsassistenter på universitetet for å forberede forelesninger og eksamener, rette prøver og eksamener og lede evaluerings- og tilbakemeldingssammenkomster for studentene. De driver også akademisk forskning innen psykologi, de publiserer funn, og de samarbeider med andre universitetskollegaer.",http://data.europa.eu/esco/occupation/684fd8d5-9b40-4b02-a680-438f0082d923,lektor
Occupation,http://data.europa.eu/esco/occupation/7f0fe7d3-54c6-41e9-88ba-9d4f0f1a46b4,"ingeniør, mikrosystem",released,,"Ingeniører, mikrosystem undersøker, utformer, utvikler og har tilsyn med produksjon av mikroelektromekaniske systemer (MEMS), som kan integreres i mekaniske, optiske, akustiske og elektroniske produkter.",http://data.europa.eu/esco/occupation/4d34a9ee-2653-4da0-bef7-f59294577224,elektronikkingeniør
Occupation,http://data.europa.eu/esco/occupation/7f2761eb-4edc-48ad-9fbf-eed0a0db9a21,fysiker,released,,"Fysikere er naturvitere som studerer fysiske fenomener. Hva de fokuserer på i sin forskning, avhenger av hva de har spesialisert seg på, noe som kan være alt fra atompartikkelfysikk til studiet av fenomener i universet. De anvender sine funn for å forbedre samfunnet ved å bidra til utvikling av nye energikilder, nye måter å behandle sykdom på, nye spill, nytt utstyr og hverdagsgjenstander.",http://data.europa.eu/esco/isco/C2111,Fysikere og astronomer
Occupation,http://data.europa.eu/esco/occupation/82e37849-30ec-4461-a40e-263d4c984f88,paleontolog,released,,"Paleontologer forsker på og analyserer livsformer som eksisterte i tidligere tidsaldre på jorden. De forsøker å fastslå livsformenes evolusjonsforløp og interaksjon med geologiske områder. De studerer både planter, virvelløse dyr og virveldyr og mennesker, og de ser på slike ting som økologi og klima.",http://data.europa.eu/esco/occupation/c6196b21-20f9-4608-83fb-6f143afc740d,geolog
Occupation,http://data.europa.eu/esco/occupation/86a0c9ab-c3fa-41a3-ad3e-d0083036b3d6,mineralog,released,,"Mineraloger studerer jordens sammensetning, struktur og andre fysiske aspekter. De analyserer forskjellige mineraler og bruker vitenskapelig utstyr til å bestemme deres struktur og egenskaper. Arbeidet fokuserer hovedsakelig på klassifisering og identifisering av mineraler ved å ta prøver og utføre ytterligere prøver, analyser og undersøkelser.",http://data.europa.eu/esco/isco/C2114,Geologer og geofysikere
Occupation,http://data.europa.eu/esco/occupation/89b87aa2-4008-4cc7-96f8-e2b5ffe59f28,økolog,released,,"Økologer utfører vurderinger av helsen til og fordeling av organismer, herunder mennesker, planter og dyr, og av forholdet mellom organismer og deres miljø. Økologer har vanligvis et spesialfelt, f.eks. ferskvann, saltvann, land, fauna eller flora, som de gjennomfører forskning og utfører tilknyttede oppgaver rundt. ",http://data.europa.eu/esco/isco/C2133,Miljøvernrådgivere
Occupation,http://data.europa.eu/esco/occupation/8b128a08-606f-4bb1-806e-07e0ed98b40e,universitetslærer i romvitenskap,released,,"Universitetslærere i romvitenskap er professorer, lærere eller forelesere som underviser studenter i romvitenskap, som hovedsakelig er et akademisk fag. De samarbeider med sine forsknings- og undervisningsassistenter på universitetet for å forberede forelesninger og eksamener, rette prøver og lede evaluerings- og tilbakemeldingssammenkomster for studentene. De driver også akademisk forskning innen romvitenskap, de publiserer funn, og de samarbeider med andre universitetskollegaer.",http://data.europa.eu/esco/occupation/684fd8d5-9b40-4b02-a680-438f0082d923,lektor
Occupation,http://data.europa.eu/esco/occupation/8c0f59c9-9a47-42e7-8287-aab19df4e6ab,ingeniør innen mikroelektronikk,released,,"Ingeniører innen mikroelektronikk utformer, utvikler og har tilsyn med produksjonen av små elektroniske innretninger og komponenter som mikroprosessorer og integrerte kretser.",http://data.europa.eu/esco/occupation/4d34a9ee-2653-4da0-bef7-f59294577224,elektronikkingeniør
Occupation,http://data.europa.eu/esco/occupation/920c22e1-10a1-4afa-86b3-c43da8488391,universitetslærer i sosialt arbeid,released,,"Universitetslærere i sosialt arbeid er akademikere med en todelt rolle. På den ene side praktiserer de det akademiske faget og yter sosiale tjenester som rådgivning, terapi eller støtte til personer eller grupper av mennesker, og på den annen side er de en del av akademia, der de tilbyr fagutdanning og deltar i forsknings- og kunnskapsutvikling og bidrar til å finne løsninger på komplekse sosiale problemer og innovative metoder for å avhjelpe disse problemene. De lærer bort kunnskap, ferdigheter og verdier innen sosialt arbeid for å forberede studenter på å delta i kulturelt kompetent praktisering av sosialt arbeid med forskjellige befolknings- og samfunnsgrupper.",http://data.europa.eu/esco/occupation/684fd8d5-9b40-4b02-a680-438f0082d923,lektor
Occupation,http://data.europa.eu/esco/occupation/92bb3d8c-8a9f-4cd7-80ec-247bbf173004,"tekniker, maskinvare",released,,"Teknikere, maskinvare utformer og utvikler maskinvaresystemer og -komponenter til datamaskiner, som kretskort, modemer og skrivere. De utarbeider planer og monteringstegninger, utvikler og prøver prototypene og har tilsyn med produksjonsprosessen.",http://data.europa.eu/esco/occupation/4d34a9ee-2653-4da0-bef7-f59294577224,elektronikkingeniør
Occupation,http://data.europa.eu/esco/occupation/9766cc19-5a64-4b3c-a741-71561285a419,universitetslærer i antropologi,released,,"Universitetslærere i antropologi er professorer, lærere eller forelesere som underviser studenter i antropologi, som hovedsakelig er et akademisk fag. De samarbeider med sine forsknings- og undervisningsassistenter på universitetet for å forberede forelesninger og eksamener, rette prøver og eksamener og lede evaluerings- og tilbakemeldingssammenkomster for studentene. De driver også akademisk forskning innen antropologi, de publiserer funn, og de samarbeider med andre universitetskollegaer.",http://data.europa.eu/esco/occupation/684fd8d5-9b40-4b02-a680-438f0082d923,lektor
Occupation,http://data.europa.eu/esco/occupation/9851c83c-5670-4da0-964a-1ef0e682e30b,tanatolog,released,forsker på døden,"Tanatologer studerer død og det å dø i en rekke vitenskapelige områder, for eksempel psykologi, sosiologi, fysiologi og antropologi. De bidrar til vekst i kunnskapen relatert til aspekter ved døden, for eksempel de psykologiske fenomenene de som dør, og de som er rundt dem, opplever.",http://data.europa.eu/esco/isco/C2632,Rådgivere/forskere
Occupation,http://data.europa.eu/esco/occupation/9905cc76-d48b-49b1-94ab-17becb30be1a,universitetslærer i næringsmiddelvitenskap,released,,"Universitetslærere i næringsmiddelvitenskap er professorer, lærere eller forelesere som underviser studenter i næringsmiddelvitenskap, som hovedsakelig er et akademisk fag. De samarbeider med sine forsknings- og undervisningsassistenter på universitetet for å forberede forelesninger og eksamener, rette prøver og eksamener og lede evaluerings- og tilbakemeldingssammenkomster for studentene. De driver også akademisk forskning innen næringsmiddelvitenskap, de publiserer funn, og de samarbeider med andre universitetskollegaer.",http://data.europa.eu/esco/occupation/684fd8d5-9b40-4b02-a680-438f0082d923,lektor
Occupation,http://data.europa.eu/esco/occupation/99492920-e5a5-4dba-9e5a-93193147198c,økonom,released,,"Økonomer utfører undersøkelser og utvikler teorier innen feltet økonomi, enten det er for mikroøkonomisk eller makroøkonomisk analyse. De kan studere trender, analysere statistiske data og til en viss grad arbeide med økonomiske matematiske modeller med sikte på å gi råd til selskaper, myndigheter og andre institusjoner. De gir råd om produktgjennomførbarhet, trendprognoser, nye markeder, skattepolitikk og forbrukertrender.",http://data.europa.eu/esco/isco/C2631,Rådgivere/forskere
Occupation,http://data.europa.eu/esco/occupation/9a7e780a-b778-4a5a-b4eb-309d394d313d,universitetslærer i litteraturvitenskap,released,,"Universitetslærere i litteraturvitenskap er professorer, lærere eller forelesere som underviser studenter i litteraturvitenskap, som hovedsakelig er et akademisk fag. De samarbeider med sine forsknings- og undervisningsassistenter på universitetet for å forberede forelesninger og eksamener, rette prøver og eksamener og lede evaluerings- og tilbakemeldingssammenkomster for studentene. De driver også akademisk forskning innen litteraturvitenskap, de publiserer funn, og de samarbeider med andre universitetskollegaer.",http://data.europa.eu/esco/occupation/684fd8d5-9b40-4b02-a680-438f0082d923,lektor
Occupation,http://data.europa.eu/esco/occupation/9b889f07-c39c-464d-b9d9-b2daa650f9ac,spesiallege,released,,"Spesialleger forebygger, diagnostiserer og behandler sykdommer avhengig av sitt medisinske eller kirurgiske spesialområde.",http://data.europa.eu/esco/isco/C2212,Legespesialister
Occupation,http://data.europa.eu/esco/occupation/a36c14e6-ed96-467d-8390-6f9cf47ac350,universitetslærer i historie,released,,"Universitetslærere i historie er professorer, lærere eller forelesere som underviser studenter i historie, som hovedsakelig er et akademisk fag. De samarbeider med sine forsknings- og undervisningsassistenter på universitetet for å forberede forelesninger og eksamener, rette prøver og eksamener og lede evaluerings- og tilbakemeldingssammenkomster for studentene. De driver også akademisk forskning innen historie, de publiserer funn, og de samarbeider med andre universitetskollegaer.",http://data.europa.eu/esco/occupation/684fd8d5-9b40-4b02-a680-438f0082d923,lektor
Occupation,http://data.europa.eu/esco/occupation/a63733fa-f7ff-4733-8961-1ec4eeaab00b,museumstekniker,released,,"Museumsteknikere utfører og/eller administrerer det kuratoriske, forberedende og kontorrelaterte arbeidet i generelle museer, botaniske hager, kunstgallerier, kunstsamlinger, akvarier eller lignende områder. De forvalter samlinger av naturlig, historisk og antropologisk materiale, som kan kan et opplyningsrelatert, vitenskapelig eller estetisk formål.
	",http://data.europa.eu/esco/isco/C2621,Arkivarer og kuratorer
Occupation,http://data.europa.eu/esco/occupation/a7a74a05-3dd0-46c6-99af-92df8042520c,mikrobiolog,released,,"Mikrobiologer studerer og forsker på livsformene, egenskapene og prosessene til mikroskopiske organismer. De studerer mikroorganismer som bakterier, protozoer, sopp osv. for å diagnostisere og motvirke effektene disse mikroorganismer kan ha hos dyr, i miljøet, i næringsmiddelindustrien eller i helsesektoren.
	",http://data.europa.eu/esco/occupation/eee68e13-8248-43bb-a9fb-959832a6c217,biolog
Occupation,http://data.europa.eu/esco/occupation/a9c7a04d-807a-41b5-b441-87c73c73c9c5,lingvist,released,,"Lingvister studerer språk på en vitenskapelig måte. De behersker språk og kan tolke dem med hensyn til grammatiske, semantiske og fonetiske egenskaper. De forsker på utviklingen av språk og måten det brukes på i ulike samfunn.",http://data.europa.eu/esco/isco/C2643,Oversettere
Occupation,http://data.europa.eu/esco/occupation/ab360abd-32e2-4e03-967d-a10758efffa7,"ingeniør, mekatronikk",released,,"Ingeniører, mekatronikk utformer og utvikler intelligente systemer, som robotinnretninger, smarthjemapparater og fly ved å kombinere teknologier fra mekanikk, elektronikk, datateknikk og reguleringsteknikk. De lager tegninger eller utformer dokumenter for deler, enheter eller ferdigprodukter ved hjelp av programvare, og de leder prosjekter.",http://data.europa.eu/esco/occupation/579254cf-6d69-4889-9000-9c79dc568644,maskiningeniør
Occupation,http://data.europa.eu/esco/occupation/ab3c4d3e-3189-47ad-82af-57cdae3cb589,"ingeniør, optikk",released,,"Ingeniører, optikk konstruerer og utvikler forskjellige industrielle innretninger med optikk. De har kunnskap om lys, lysoverføringsprinsipper og optikk og kan utforme tekniske spesifikasjoner for optiske innretninger som mikroskoper, linser og teleskoper.",http://data.europa.eu/esco/isco/C2149,Andre sivilingeniører (unntatt elektroteknologi)
Occupation,http://data.europa.eu/esco/occupation/ac8b3cd1-a127-4e6a-8208-5cfcf7111955,statistiker,released,,"Statistikere samler inn, overfører i tabellform og framfor alt analyserer kvantitativ informasjon fra en lang rekke felter. De tolker og analyserer statistiske studier på områder som helse, demografi, finans, næringsliv, osv. og gir råd basert på mønstre og analyse.",http://data.europa.eu/esco/isco/C2120,Matematikere
Occupation,http://data.europa.eu/esco/occupation/acf69cab-8629-45c8-ae10-c8fb15f474b6,antropolog,released,,"Antropologer undersøker alle aspekter ved livet som gjelder mennesker. De studerer de ulike sivilisasjonene som har eksistert gjennom tidene, og hvordan de er organisert. De forsøker å analysere de fysiske, samfunnsmessige, språklige, politiske, økonomiske, filosofiske og kulturelle aspektene hos ulike folk. Målet med studiene deres er å forstå og beskrive menneskenes fortid og å løse aktuelle samfunnsmessige problemer. De utforsker ulike perspektiver, for eksempel filosofisk antropologi.",http://data.europa.eu/esco/isco/C2632,Rådgivere/forskere
Occupation,http://data.europa.eu/esco/occupation/ae2c1bf4-669e-4fec-a7d7-698753699083,universitetslærer i filosofi,released,,"Universitetslærere i filosofi er professorer, lærere eller forelesere som underviser studenter i filosofi, som hovedsakelig er et akademisk fag. De samarbeider med sine forsknings- og undervisningsassistenter på universitetet for å forberede forelesninger og eksamener, rette prøver og eksamener og lede evaluerings- og tilbakemeldingssammenkomster for studentene. De driver også akademisk forskning innen filosofi, de publiserer funn, og de samarbeider med andre universitetskollegaer.",http://data.europa.eu/esco/occupation/684fd8d5-9b40-4b02-a680-438f0082d923,lektor
Occupation,http://data.europa.eu/esco/occupation/ae8b19cc-8c6e-4a16-ada2-c15f97ded133,"ingeniør, optomekanikk",released,,"Ingeniører, optomekanikk utformer og utvikler optomekaniske systemer, innretninger og komponenter, som optiske speil og optiske fester. Ingeniører, optomekanikk kombinerer optisk teknikk med mekanisk teknikk i utformingen av disse systemene og innretningene. De driver forskning, utfører analyse, prøver utstyret og har tilsyn med forskningen.",http://data.europa.eu/esco/occupation/579254cf-6d69-4889-9000-9c79dc568644,maskiningeniør
Occupation,http://data.europa.eu/esco/occupation/b0f3f595-4965-4f13-ba5c-f6049b62469f,"statistiker, biometri",released,,"Statistikere, biometri driver forskning innen biometri. De utfører statistiske eller biologiske forskningsprosjekter ved å måle fingeravtrykk, netthinner og menneskeformer for medisinske eller industrielle formål.",http://data.europa.eu/esco/occupation/ac8b3cd1-a127-4e6a-8208-5cfcf7111955,statistiker
Occupation,http://data.europa.eu/esco/occupation/b2cede50-82bb-4684-9f11-1930e12ad672,energiingeniør,released,,"Energiingeniører utformer nye, effektive og rene måter å produsere, omdanne og fordele energi på for å forbedre miljømessig bærekraft og energieffektivitet. De ekstraherer energi via naturressurser som olje eller gass, eller fornybare og bærekraftige kilder som vind- eller solenergi. ",http://data.europa.eu/esco/isco/C2149,Andre sivilingeniører (unntatt elektroteknologi)
Occupation,http://data.europa.eu/esco/occupation/b3ebf55f-5e50-4262-946a-f08d7fbe29b2,lektor i helsefag,released,,"Lektorer i helsefag er professorer, lærere eller forelesere, og ofte leger, som underviser studenter i helsefag, som hovedsakelig er et akademisk fag. De samarbeider med sine forsknings- og undervisningsassistenter på universitetet for å forberede forelesninger og eksamener, rette prøver og eksamener, lede laboratorieøvelser og lede evaluerings- og tilbakemeldingssammenkomster for studentene. De driver også akademisk forskning innen helsefag, de publiserer funn, og de samarbeider med andre universitetskollegaer.",http://data.europa.eu/esco/occupation/684fd8d5-9b40-4b02-a680-438f0082d923,lektor
Occupation,http://data.europa.eu/esco/occupation/b5d1912e-89c7-4a66-ab96-0dc5f4f6c426,immunolog,released,,"Immunologer forsker på immunsystemet hos levende organismer (f.eks. menneskekroppen) og hvordan det reagerer på eksterne infeksjoner eller invasive skadelige agenser (f.eks. virus, bakterier, parasitter). I forskningen sin fokuserer de på de sykdommene som påvirker immunologien til levende organismer, for å klassifisere dem for behandling.",http://data.europa.eu/esco/isco/C2131,Biologer
Occupation,http://data.europa.eu/esco/occupation/b65133db-b3de-44d1-88fa-1d3deda08245,universitetslærer i jus,released,,"Universitetslærere i juss er professorer, lærere eller forelesere som underviser studenter i juss, som hovedsakelig er et akademisk fag. De samarbeider med sine forsknings- og undervisningsassistenter på universitetet 
for å forberede forelesninger og eksamener, rette prøver og eksamener og lede evaluerings- og tilbakemeldingssammenkomster for studentene. De driver også akademisk forskning innen juss, de publiserer funn, og de samarbeider med andre universitetskollegaer.",http://data.europa.eu/esco/occupation/684fd8d5-9b40-4b02-a680-438f0082d923,lektor
Occupation,http://data.europa.eu/esco/occupation/b73c752b-9858-4f53-82de-f3a340cbcae9,epidemiolog,released,,"Epidemiologer konsentrerer seg i sin forskning på opprinnelsen og årsakene til sykdomsutbrudd hos mennesker. De finner ut hvordan sykdommer sprer seg, og foreslår risikoforebyggende tiltak for helsepolitiske organer.",http://data.europa.eu/esco/occupation/eee68e13-8248-43bb-a9fb-959832a6c217,biolog
Occupation,http://data.europa.eu/esco/occupation/b79cfd33-6e46-4b71-b180-c9a84422f047,seismolog,released,,"Seismologer studerer bevegelsen av tektoniske plater i jorden, som forårsaker utbredelse av seismiske bølger og jordskjelv. De studerer og observerer de forskjellige kildene til jordskjelv, som vulkanaktivitet, atmosfæriske fenomener eller havets atferd. Ved å legge fram sine vitenskapelige observasjoner er de med på å forebygge farer for bygninger og infrastruktur.",http://data.europa.eu/esco/occupation/c6196b21-20f9-4608-83fb-6f143afc740d,geolog
Occupation,http://data.europa.eu/esco/occupation/bac64fa2-dcd6-47bb-8e5c-04e04a86a199,geograf,released,,"Geografer er forskere innenfor samfunns- eller naturgeografi. Samfunnsgeografer studerer samspillet mellom samfunnsmessige og geografiske fenomener. Naturgeografer studerer landformasjoner, jord, naturlige grenser og vannstrømmer.",http://data.europa.eu/esco/isco/C2632,Rådgivere/forskere
Occupation,http://data.europa.eu/esco/occupation/bb609566-3ab6-44dd-8f48-cf0b15b96827,automasjonsingeniør,released,,"Automasjonsingeniører utreder, prosjekterer og utvikler applikasjoner og systemer for automasjon av produksjonsprosessen. De gjennomfører teknologi og reduserer, når det er mulig, menneskelig inngripen for å høste det fulle potensialet med industriell robotikk. Automasjonsingeniører har tilsyn med prosessen og sikrer at alle systemer fungerer sikkert og smidig.",http://data.europa.eu/esco/occupation/d7380260-1386-4e36-98b5-8115ca4a3536,produksjonsingeniør
Occupation,http://data.europa.eu/esco/occupation/bc659adc-f42c-4ef6-89fe-fd030033f446,astrofysiker,released,,"Astrofysikere fokuserer på studiet av universet som helhet: av dets opprinnelse, utvikling og endelige skjebne. De bruker verktøy og vitenskapelige instrumenter til å observere og studere andre galakser og astronomiske objekter som stjerner, svarte hull, planeter og andre himmellegemer.",http://data.europa.eu/esco/isco/C2111,Fysikere og astronomer
Occupation,http://data.europa.eu/esco/occupation/be3c021d-bd93-45a0-ad32-e8fa8e0d17ef,universitetslærer i moderne språk,released,,"Universitetslærere i moderne språk er professorer, lærere eller forelesere som underviser studenter i moderne språk, som hovedsakelig er et akademisk fag. De samarbeider med sine forsknings- og undervisningsassistenter på universitetet for å forberede forelesninger og eksamener, rette prøver og eksamener og lede evaluerings- og tilbakemeldingssammenkomster for studentene. De driver også akademisk forskning innen moderne språk, de publiserer funn, og de samarbeider med andre universitetskollegaer.",http://data.europa.eu/esco/occupation/684fd8d5-9b40-4b02-a680-438f0082d923,lektor
Occupation,http://data.europa.eu/esco/occupation/bfc92738-128b-44f5-92d4-51b10df17961,filosof,released,,"Filosofer studerer og drøfter generelle og strukturelle problemer knyttet til samfunn, mennesker og enkeltpersoner. De har velutviklede, rasjonelle og resonnerende evner til å ta del i diskusjoner relatert til eksistens, verdisystemer, kunnskap eller virkeligheten. De bruker logikk i drøftelsene sine, noe som gjør drøftelsene dype og abstrakte.",http://data.europa.eu/esco/isco/C2633,Rådgivere/forskere
Occupation,http://data.europa.eu/esco/occupation/bff7e8a3-6206-4d38-b25f-fcb6e634c7af,universitetslærer i arkeologi,released,,"Universitetslærere i arkeologi er professorer, lærere eller forelesere som underviser studenter i arkeologi, som hovedsakelig er et akademisk fag. De samarbeider med sine forsknings- og undervisningsassistenter på universitetet for å forberede forelesninger og eksamener, rette prøver og eksamener og lede evaluerings- og tilbakemeldingssammenkomster for studentene. De driver også akademisk forskning innen arkeologi, de publiserer funn, og de samarbeider med andre universitetskollegaer.",http://data.europa.eu/esco/occupation/684fd8d5-9b40-4b02-a680-438f0082d923,lektor
Occupation,http://data.europa.eu/esco/occupation/c25b3700-6095-42b7-99fc-b87dc326c044,landbruksforsker,released,bioteknisk forsker i landbruket | spesialist på landbruksutvikling | bioteknologisk landbruksforsker | konsulent for landbruksutvikling | spesialist i landbruksutvikling | bioøkonomisk landbrukstekniker | bioteknisk forsker innen landbruk | forsker innen landbruksvitenskap | forsker innen jordbruksvitenskap | landbruksutviklingskonsulent | forsker innen landbrukskvalitet,"Landbruksforskere forsker på og studerer jord, dyr og planter med det mål å forbedre landbruksprosesser, kvaliteten på landbruksprodukter eller påvirkningen av landbruksprosesser på miljøet. De planlegger og gjennomfører prosjekter som utviklingsprosjekter på vegne av kunder eller institusjoner.",http://data.europa.eu/esco/isco/C2132,Sivilagronomer mv.
Occupation,http://data.europa.eu/esco/occupation/c262bb96-03bb-4c97-a45b-0cf36db5b048,foreleserassistent,released,,"Foreleserassistenter deler universitets- eller høyskolelæreres akademisk arbeidsbelastning, nærmere bestemt gjennomføringen av forelesninger for studenter. De forbereder og gjennomfører forelesninger, og de treffer studenter enkeltvis vedrørende evaluering. De kombinerer også sine forelesninger og andre akademiske oppgaver med egen forskning på sitt felt. Foreleserassistenter innehar en selvstendig fulltidsstilling, selv om yrkestittelen kan antyde at stillingen er underordnet.",http://data.europa.eu/esco/occupation/684fd8d5-9b40-4b02-a680-438f0082d923,lektor
Occupation,http://data.europa.eu/esco/occupation/c3b82711-273d-4fa8-8de7-0ac3d99c16fc,universitetslærer i informatikk,released,,"Universitetslærere i informatikk er professorer, lærere eller forelesere som underviser studenter i informatikk, som hovedsakelig er et akademisk fag. De samarbeider med sine forsknings- og undervisningsassistenter på universitetet for å forberede forelesninger og eksamener, rette prøver og eksamener og lede evaluerings- og tilbakemeldingssammenkomster for studentene. De driver også akademisk forskning innen informatikk, de publiserer funn, og de samarbeider med andre universitetskollegaer.",http://data.europa.eu/esco/occupation/684fd8d5-9b40-4b02-a680-438f0082d923,lektor
Occupation,http://data.europa.eu/esco/occupation/c549f0de-c415-428e-865c-973bcd224b39,universitetslærer i lingvistikk,released,,"Universitetslærere i lingvistikk er professorer, lærere eller forelesere som underviser studenter i lingvistikk, som hovedsakelig er et akademisk fag. De samarbeider med sine forsknings- og undervisningsassistenter på universitetet 
for å forberede forelesninger og eksamener, rette prøver og eksamener og lede evaluerings- og tilbakemeldingssammenkomster for studentene. De driver også akademisk forskning innen lingvistikk, de publiserer funn, og de samarbeider med andre universitetskollegaer.",http://data.europa.eu/esco/occupation/684fd8d5-9b40-4b02-a680-438f0082d923,lektor
Occupation,http://data.europa.eu/esco/occupation/c593ded7-2e97-44a5-a5f3-f6115ff98233,universitetslærer i politikk,released,,"Universitetslærere i politikk er professorer, lærere eller forelesere som underviser studenter i statsvitenskap, som hovedsakelig er et akademisk fag. De samarbeider med sine forsknings- og undervisningsassistenter på universitetet 
for å forberede forelesninger og eksamener, rette prøver og eksamener og lede evaluerings- og tilbakemeldingssammenkomster for studentene. De driver også akademisk forskning innen statsvitenskap, de publiserer funn, og de samarbeider med andre universitetskollegaer.",http://data.europa.eu/esco/occupation/684fd8d5-9b40-4b02-a680-438f0082d923,lektor
Occupation,http://data.europa.eu/esco/occupation/c6196b21-20f9-4608-83fb-6f143afc740d,geolog,released,,"Geologer forsker på materialene jorden består av. Hvilke observasjoner de gjør seg, avhenger av hva som er formålet med forskningen. Geologer spesialiserer seg på ulike ting og kan blant annet studere jordens utvikling over tid, dens geologiske sjikt, kvaliteten på mineraler (for utvinningsformål), jordskjelv og vulkanaktivitet (for private tjenester) og lignende fenomener.",http://data.europa.eu/esco/isco/C2114,Geologer og geofysikere
Occupation,http://data.europa.eu/esco/occupation/c8fa93eb-7c2c-42c3-b135-c2e825a6615e,testingeniør,released,"testingeniør, landbruksutstyr | testingeniør, batteri | batterivalideringsingeniør","Testingeniører planlegger og utfører detaljerte kvalitetstester under forskjellige faser av utformingsprosessen for å sikre at systemer er riktig installert og fungerer riktig. De analyserer dataene som samles inn under prøvinger, og utarbeider rapporter. De er også ansvarlig for sikkerheten ved prøvingsoperasjonene.",http://data.europa.eu/esco/isco/C2149,Andre sivilingeniører (unntatt elektroteknologi)
Occupation,http://data.europa.eu/esco/occupation/c90a6ebe-adcc-4395-9f5b-ff3e96e93cef,universitetslærer i teologi,released,,"Universitetslærere i teologi er professorer, lærere eller forelesere som underviser studenter i teologi, som hovedsakelig er et akademisk fag. De samarbeider med sine forsknings- og undervisningsassistenter på universitetet for å forberede forelesninger og eksamener, rette prøver og eksamener og lede evaluerings- og tilbakemeldingssammenkomster for studentene. De driver også akademisk forskning innen teologi, de publiserer funn, og de samarbeider med andre universitetskollegaer.",http://data.europa.eu/esco/occupation/684fd8d5-9b40-4b02-a680-438f0082d923,lektor
Occupation,http://data.europa.eu/esco/occupation/d7d986e1-7333-431b-9719-0c5c6939e360,byggingeniør,released,"sivilingeniør, bygg","Byggingeniører utformer, planlegger og utvikler tekniske spesifikasjoner for infrastruktur- og byggeprosjekter. De anvender teknisk kunnskap i en lang rekke prosjekter, fra bygging av infrastruktur for transport, boligprosjekter og luksusbygninger til bygging av naturområder. De utformer planer som søker å optimalisere materialer og integrere spesifikasjoner og ressursallokering innen tidsbegrensningene.",http://data.europa.eu/esco/isco/C2142,Sivilingeniører (bygg og anlegg)
Occupation,http://data.europa.eu/esco/occupation/dab9c6dd-8efb-4fe2-8b10-477ef2bcfd8b,universitetslærer i matematikk,released,,"Universitetslærere i matematikk underviser studenter med vitnemål fra videregående skole i sitt eget fagfelt, matematikk, som hovedsakelig er et akademisk fag. De samarbeider med sine forsknings- og undervisningsassistenter på universitetet for å forberede forelesninger og eksamener, rette prøver og eksamener og lede evaluerings- og tilbakemeldingssammenkomster for studentene. De driver også akademisk forskning innen matematikk, de publiserer funn, og de samarbeider med andre universitetskollegaer.",http://data.europa.eu/esco/occupation/684fd8d5-9b40-4b02-a680-438f0082d923,lektor
Occupation,http://data.europa.eu/esco/occupation/e14548c8-c2b9-4ef8-8670-d5967d7ad804,byplanlegger,released,smart byplanlegger,"Byplanleggere utarbeider utbyggingsplaner for tettsteder, byområder, byer og regioner. De undersøker (de økonomiske, sosiale eller transportrelaterte) behovene til lokalsamfunnet eller regionen og evaluerer andre parametere som bærekraft for å legge fram solide programmer for å forbedre området.",http://data.europa.eu/esco/isco/C2164,Arealplanleggere
Occupation,http://data.europa.eu/esco/occupation/e3229e40-f571-4b26-baca-29edc8fe313e,dataingeniør,released,,"Dataforskere driver med forskning innenfor data- og informasjonsvitenskap, rettet mot større kunnskap om og forståelse av grunnleggende aspekter ved IKT-fenomener. De skriver forskningsrapporter og forslag. Dataforskere finner også opp og designer nye tilnærminger til datateknologi, finner innovative bruksområder for eksisterende teknologi, og studerer og løser komplekse problemer innen databehandling.",http://data.europa.eu/esco/isco/C2511,Systemanalytikere/-arkitekter
Occupation,http://data.europa.eu/esco/occupation/e3cc09ba-7ad5-4411-940c-20613000863a,miljøvernarbeider,released,,"Miljøvernarbeidere styrer kvaliteten på spesifikke skoger, parker og andre naturressurser. De beskytter naturlige habitater, artsmangfold, landskapsverdi og andre unike attributter ved reservater og verneverdige landområder. Miljøvernarbeidere utfører feltarbeid.",http://data.europa.eu/esco/isco/C2133,Miljøvernrådgivere
Occupation,http://data.europa.eu/esco/occupation/e74513c3-8ba8-462f-978c-0450522f4427,universitetslærer i kjemi,released,,"Universitetslærere i kjemi er professorer, lærere eller forelesere som underviser studenter i kjemi, som hovedsakelig er et akademisk fag. De samarbeider med sine forsknings- og undervisningsassistenter på universitetet 
for å forberede forelesninger og eksamener, lede laboratorieøvelser, rette prøver og lede evaluerings- og tilbakemeldingssammenkomster for studentene. De driver også akademisk forskning innen kjemi, de publiserer funn, og de samarbeider med andre universitetskollegaer.",http://data.europa.eu/esco/occupation/684fd8d5-9b40-4b02-a680-438f0082d923,lektor
Occupation,http://data.europa.eu/esco/occupation/e9f50268-4dab-4579-90c2-2ff219eb56f1,universitetslærer i ingeniørvitenskap,released,,"Universitetslærere i ingeniørvitenskap er professorer, lærere eller forelesere som underviser studenter i ingeniørvitenskap, som hovedsakelig er et akademisk fag. De samarbeider med sine forsknings- og undervisningsassistenter på universitetet for å forberede forelesninger og eksamener, lede laboratorieøvelser, rette prøver og eksamener og lede evaluerings- og tilbakemeldingssammenkomster for studentene. De driver også akademisk forskning innen ingeniørvitenskap, de publiserer funn, og de samarbeider med andre universitetskollegaer.",http://data.europa.eu/esco/occupation/684fd8d5-9b40-4b02-a680-438f0082d923,lektor
Occupation,http://data.europa.eu/esco/occupation/eee68e13-8248-43bb-a9fb-959832a6c217,biolog,released,,"Biologer studerer levende organismer og liv i videre forstand i kombinasjon med miljøet. Gjennom sin forskning tar de sikte på å forklare organismers funksjonsmekanismer, interaksjoner og evolusjon.",http://data.europa.eu/esco/isco/C2131,Biologer
Occupation,http://data.europa.eu/esco/occupation/f3d8bc61-f812-4106-afd2-a356e4c11fce,litteraturforsker,released,,"Litteraturforskere forsker på litterære verk, litteraturhistorie, sjangre og litterær kritikk for å vurdere verkene og de omkringliggende aspektene i en egnet kontekst, og produserer forskningsresultater om bestemte emner i feltet litteratur.",http://data.europa.eu/esco/isco/C2641,Forfattere mv.
Occupation,http://data.europa.eu/esco/occupation/f3e23761-0663-4ae0-97a2-0b2dd3fa38a1,biokjemiingeniør,released,,"Biokjemiingeniører gjennomfører biovitenskapelig forskning og gjør vitenskapelige funn om til kjemiske løsninger som kan forbedre velferden i samfunnet, f.eks. vaksiner, vevsreparasjon, forbedring av nyttevekster og framskritt innen grønne teknologier som renere drivstoff fra naturressurser.",http://data.europa.eu/esco/occupation/ec21ce88-ce14-49b6-be0a-cc53cf5a3a67,kjemiingeniør
Occupation,http://data.europa.eu/esco/occupation/fa5b9075-3796-4e86-be0a-b5e6d725c25a,måletekniker,released,,"Måleteknikere studerer og praktiserer måleteknikk. De utvikler mengdesystemer, måleenheter og målemetoder som skal brukes innen realfag. Måleteknikere fastsetter nye metoder og verktøy for å kvantifisere og bedre forstå informasjon.",http://data.europa.eu/esco/isco/C2112,Meteorologer
Occupation,http://data.europa.eu/esco/occupation/fbc9ab3e-18f1-4b7b-8cd5-d6374ed5e9a9,universitetslærer i klassiske språk,released,,"Universitetslærere i klassiske språk er professorer, lærere eller forelesere som underviser studenter i klassiske språk, som hovedsakelig er et akademisk fag. De samarbeider med sine forsknings- og undervisningsassistenter på universitetet for å forberede forelesninger og eksamener, rette prøver og eksamener og lede evaluerings- og tilbakemeldingssammenkomster for studentene. De driver også akademisk forskning innen klassiske språk, de publiserer funn, og de samarbeider med andre universitetskollegaer.",http://data.europa.eu/esco/occupation/684fd8d5-9b40-4b02-a680-438f0082d923,lektor
Occupation,http://data.europa.eu/esco/occupation/ff656b3a-65a8-4b4f-b04e-9db12936519b,demograf,released,,"Demografer studerer en rekke parametere forbundet med befolkning. De utvikler, basert på egne observasjoner, statistiske analyser av utvikling og endring når det gjelder fødsler, eldre, ekteskap og skilsmisse, sysselsetting, dødelighet, innvandring og beslektede saker.",http://data.europa.eu/esco/isco/C2120,Matematikere
