conceptType,conceptUri,skillType,reuseLevel,preferredLabel,status,altLabels,description,broaderConceptUri,broaderConceptPT
KnowledgeSkillCompetence,http://data.europa.eu/esco/skill/001115fb-569f-4ee6-8381-c6807ef2527f,skill/competence,transversal,vise initiativ,released,initiere tiltak | være en drivkraft | gi insitament | vise aktivt initiativ | ta initiativ,"Være proaktiv og ta første skritt uten å vente på hva andre sier eller gjør.
  ",http://data.europa.eu/esco/skill/91860993-1a8b-4473-91f3-600aa1924bd0,ha en proaktiv tilnærming
KnowledgeSkillCompetence,http://data.europa.eu/esco/skill/0171653e-c8e9-4c24-bb86-a4b6fe038f25,skill/competence,transversal,bidra til å fremme biologisk mangfold og dyrevelferd,released,tilegne seg bærekraftig matvaner | fremme økologisk og biologisk matforbruk | konkret støtte biologisk mangfold og dyrevelferd | ta hensyn til bærekraftsspørsmål i forbruksvalg | ta hensyn til dyrevelferd ved kjøp av matvarer | implementere miljøvalg i egne matvaner,"Leve på en måte som bidrar til å opprettholde stabile økosystemer og bekjempe masseutryddelse, for eksempel ved å gjøre bevisste kostholdsvalg som støtter økologisk matproduksjon og dyrevelferd
	",http://data.europa.eu/esco/skill/80cf002a-6586-4db7-9c9a-88325a9a5e1b,bruke miljørelatert kompetanse
KnowledgeSkillCompetence,http://data.europa.eu/esco/skill/045f71e6-0699-4169-8a54-9c6b96f3174d,skill/competence,transversal,gi råd,released,veilede andre | veileder enkeltpersoner | gi råd til andre,"Komme med forslag til hva som bør gjøres.
  ",http://data.europa.eu/esco/skill/82463bb1-85d1-4e99-a4ce-08508fc3b2a3,støtte andre
KnowledgeSkillCompetence,http://data.europa.eu/esco/skill/05aa7c09-46e7-433f-a81b-92841f4551e7,skill/competence,transversal,godta kritikk og veiledning,released,håndtere tilbakemeldinger | godta tilbakemeldinger | akseptere kritikere | tolerere kritikere | ta imot konstruktiv kritikk | ønske tilbakemeldinger velkommen | ta imot kritikk,"Håndtere negative tilbakemeldinger fra andre og være åpen for kritikk, og prøve å se hvor det er rom for forbedring.
  ",http://data.europa.eu/esco/skill/f5c9eef3-0495-4747-9519-d71a58d252bd,utvise vilje til å lære
KnowledgeSkillCompetence,http://data.europa.eu/esco/skill/0b709c64-a57a-4976-86bd-34d2cf34fa4f,skill/competence,transversal,"anvende kunnskap innen filosofi, etikk og religion",released,"handle i henhold til etiske og religiøse verdier | evaluere de moralske og etiske konsekvensene av handlinger | vurdere konsekvensene og virkningen av ideer, muligheter og handlinger | anvende tekning fra ulike åndsretninger | følge etiske verdier og religiøse overbevisninger","Utvikle et eget perspektiv rundt meningen og hensikten med livet og rollen til den enkelte, herunder hva det betyr å leve, å dø og å være et menneske.
  ",http://data.europa.eu/esco/skill/44ff6716-7d71-4a16-821b-61d10e9e290d,anvende generell kunnskap
KnowledgeSkillCompetence,http://data.europa.eu/esco/skill/0d75a128-bd88-4c1b-b70d-8e963aeb490c,skill/competence,transversal,bidra til redusert forurensning,released,hindre forurensning | velge offentlig transport istedenfor privat | bruke offentlig transport | redusere støy | håndtere sitt eget avfall,"Bidra til å redusere luft-, støy-, lys-, vann- og miljøforurensning, for eksempel ved å bruke offentlig transport, ikke kaste avfall i naturen og redusere unødvendige lys- og støyutslipp, særlig om natten.
  ",http://data.europa.eu/esco/skill/80cf002a-6586-4db7-9c9a-88325a9a5e1b,bruke miljørelatert kompetanse
KnowledgeSkillCompetence,http://data.europa.eu/esco/skill/113b4428-0a31-4199-8496-070af7854b91,skill/competence,transversal,overholde forpliktelser,released,,"Utføre oppgavene sine på en selvdisiplinert, pålitelig og målrettet måte.",http://data.europa.eu/esco/skill/14c41899-0224-4cbc-bd8c-e946ada2da87,arbeide effektivt
KnowledgeSkillCompetence,http://data.europa.eu/esco/skill/13b4a3d2-abdf-4442-8e52-d7464a58ecbc,skill/competence,transversal,tilpasse seg til fysiske krav,released,vise fysisk motstandskraft | tåle ugunstige temperaturer | arbeide under ugunstige værforhold,"Utvise evnen til å tåle høy fysisk belastning i jobb eller idrett. Dette omfatter å sitte på kne, stå eller løpe lenge og arbeide under vanskelige værforhold som sterk varme, kulde eller regn.
  ",http://data.europa.eu/esco/skill/e52389a2-1a05-45b0-8db3-4bda0f0c0b48,forholde seg til fysiske omstendigheter
KnowledgeSkillCompetence,http://data.europa.eu/esco/skill/199f7919-5114-41b6-b6a5-41e0e4896ec1,skill/competence,transversal,påta seg ansvar,released,vise en samvittighetsfull holdning | vise ansvarlig oppførsel | være klar til å ta ansvar | vise ansvar | bevise ansvarsfølelse,"Akseptere ansvar for faglige beslutninger og handlinger man har tatt selv eller delegert til andre.
  ",http://data.europa.eu/esco/skill/91860993-1a8b-4473-91f3-600aa1924bd0,ha en proaktiv tilnærming
KnowledgeSkillCompetence,http://data.europa.eu/esco/skill/19a64e91-bfe3-4c48-9225-3bb1229b12f0,skill/competence,transversal,vise besluttsomhet,released,vise entusiasme | vise positiv holdning | ha klare mål | strebe etter resultater | gjør en innsats | vise positiv tenkning | være utholdende | strebe etter suksess | vise en fokusert tilnærming,"Vise vilje til å gjøre noe som er vanskelig og som krever hardt arbeid. Vise innsatsvilje drevet av interesse eller glede over å arbeide, i fravær av press utenfra.
  ",http://data.europa.eu/esco/skill/91860993-1a8b-4473-91f3-600aa1924bd0,ha en proaktiv tilnærming
KnowledgeSkillCompetence,http://data.europa.eu/esco/skill/19ba11f3-9c99-41fd-a7c9-f77e6a026186,skill/competence,transversal,utføre beregninger,released,utføre arbeidsrelaterte beregninger,"Løse matematiske problemer for å nå arbeidsrelaterte målsettinger.
  ",http://data.europa.eu/esco/skill/edc72cfe-78a8-4531-b00f-92992a0bb8cb,arbeide med tall og mål
KnowledgeSkillCompetence,http://data.europa.eu/esco/skill/1d1fedcb-4995-44ac-90f5-f31a157ce512,skill/competence,transversal,håndtere frustrasjon,released,,Holde seg rolig og reagere på en konstruktiv måte på sitt eget eller andres sinne eller i møte med hindringer eller klager.,http://data.europa.eu/esco/skill/2b2c3254-7f6c-47e2-84f1-aece946fbfae,ha en positiv holdning
KnowledgeSkillCompetence,http://data.europa.eu/esco/skill/1dabb413-18e8-48ed-a963-44978e67ad32,skill/competence,transversal,beregne sannsynligheter,released,jobbe med sannsynligheter | gjøre estimater | estimere sannsynligheten for et utfall eller faktum,"Forutsi sannsynligheten for et utfall basert på beregninger eller erfaring.
  ",http://data.europa.eu/esco/skill/edc72cfe-78a8-4531-b00f-92992a0bb8cb,arbeide med tall og mål
KnowledgeSkillCompetence,http://data.europa.eu/esco/skill/1ddc021d-d818-4731-904f-842d7491f419,skill/competence,transversal,forvalte økonomiske og materielle ressurser,released,"administrere personlig budsjett for økonomiske behov | bruke kreditt, sparing, investeringer og pensjoner for å nå langsiktige mål | sammenligne tilbud og tilbud ved kjøp av produkter eller tjenester | velge passende forsikringsprodukter | utøve forbrukerrettigheter | gjennomføre effektiv økonomisk planlegging | bruke økonomiske råd og veiledningstjenester med en kritisk innstilling | administrere personlig økonomi","Ha evne til effektiv økonomisk planlegging,  bruke lån, sparing, investering og pensjon til å oppnå kortsiktige og langsiktige mål, gjøre kritisk bruk av økonomisk rådgivning og veiledning, sammenligne avtaler og tilbud ved kjøp av produkter eller tjenester, og aktivt velge egnede forsikringsprodukter.
  ",http://data.europa.eu/esco/skill/6c6957bf-cf1f-4483-9c7e-1655f251b01a,anvende gründer- og økonomikompetanse
KnowledgeSkillCompetence,http://data.europa.eu/esco/skill/1fce1197-3a5b-45b7-8797-575cd3b57a01,skill/competence,transversal,vise engasjement,released,vise entusiasme | ha engasjement | trives med yrket sitt | vise arbeidsvilje | vise motivasjon | trives med å jobbe | vise vilje til å prestere,"Vise vilje til å påta seg oppgaver umiddelbart, selv om de er vanskelige eller ubehagelige.
  ",http://data.europa.eu/esco/skill/91860993-1a8b-4473-91f3-600aa1924bd0,ha en proaktiv tilnærming
KnowledgeSkillCompetence,http://data.europa.eu/esco/skill/20012caa-b63c-4cb9-b2b8-01a1cfdfc1d1,skill/competence,transversal,tenke raskt,released,forstå raskt | være rask i oppfattelsen | reagere raskt,"Kunne forstå og bearbeide de viktigste aspektene ved fakta og sammenhenger raskt og nøyaktig.
  ",http://data.europa.eu/esco/skill/fff1d675-c36a-4c12-9cd4-407f21ccd06a,"behandle informasjon, ideer og konsepter"
KnowledgeSkillCompetence,http://data.europa.eu/esco/skill/2aaad52d-599e-4e77-a681-bbc236825821,skill/competence,transversal,vurdere miljøvirkningen av personlig atferd,released,innta en miljøvennlig holdning | vurdere virkningen av sine handlinger på miljøet | vise følsomhet for miljøspørsmål | anvende etisk og bærekraftig tenkning | innta en økologisk holdning,"Ha en bærekraftsorientert tankegang i dagliglivet og reflektere over egen holdning til miljøet og miljøvirkningen av egen atferd.
	",http://data.europa.eu/esco/skill/80cf002a-6586-4db7-9c9a-88325a9a5e1b,bruke miljørelatert kompetanse
KnowledgeSkillCompetence,http://data.europa.eu/esco/skill/35ebe444-9ece-4fbc-a55d-e99ea37267ae,skill/competence,transversal,administrere kvalitet,released,,"Strebe etter fremragende kvalitet på prosesser, produkter og aktiviteter på arbeidsplassen.",http://data.europa.eu/esco/skill/14c41899-0224-4cbc-bd8c-e946ada2da87,arbeide effektivt
KnowledgeSkillCompetence,http://data.europa.eu/esco/skill/409a0245-0e6c-4aac-ba16-0920ecb76a8d,skill/competence,transversal,øve på selvrefleksjon,released,reflektere over praksis | utføre egenvurdering | kunne utøve selvrefleksjon,"Reflektere effektivt, regelmessig og systematisk over egne handlinger, prestasjoner og holdninger, og gjøre nødvendige justeringer, samt søke faglige utviklingsmuligheter for å tette kunnskaps- og praksishull på identifiserte områder. Evaluere effekten av din egen faglige utvikling.
	",http://data.europa.eu/esco/skill/f5c9eef3-0495-4747-9519-d71a58d252bd,utvise vilje til å lære
KnowledgeSkillCompetence,http://data.europa.eu/esco/skill/429062f1-a958-43ea-83dd-4e1af078c156,skill/competence,transversal,vise nysgjerrighet,released,,"Vise en livlig interesse for alt som er nytt, være åpen for nye opplevelser, være fascinert av diverse emner og aktivt utforske og oppdage nye områder.",http://data.europa.eu/esco/skill/f5c9eef3-0495-4747-9519-d71a58d252bd,utvise vilje til å lære
KnowledgeSkillCompetence,http://data.europa.eu/esco/skill/468135b7-5757-48c3-9509-fde0e13ec5be,skill/competence,transversal,håndtere personlig fremgang,released,administrere karrieremål | planlegge karrieren sin | administrere livsmål | markedsføre seg selv,"Forvalte egne ferdigheter og kompetanse for å ha fremgang i jobb og privatliv.
  ",http://data.europa.eu/esco/skill/91860993-1a8b-4473-91f3-600aa1924bd0,ha en proaktiv tilnærming
KnowledgeSkillCompetence,http://data.europa.eu/esco/skill/469748ce-051a-407e-9099-0c9415ac2705,skill/competence,transversal,møte utfordringer på en positiv måte,released,ha en positiv holdning | vise sans for humor | ha en konstruktiv tilnærming,"Innta en positiv holdning og være konstruktiv ved håndtering av utfordringer.
  ",http://data.europa.eu/esco/skill/2b2c3254-7f6c-47e2-84f1-aece946fbfae,ha en positiv holdning
KnowledgeSkillCompetence,http://data.europa.eu/esco/skill/4707da90-9cfc-46ca-8de0-38a0b7bfb137,skill/competence,transversal,tenke analytisk,released,,"Produsere tanker ved å bruke logikk og resonnement til å identifisere styrker og svakheter ved alternative løsninger, konklusjoner eller tilnærminger til problemer.",http://data.europa.eu/esco/skill/fff1d675-c36a-4c12-9cd4-407f21ccd06a,"behandle informasjon, ideer og konsepter"
KnowledgeSkillCompetence,http://data.europa.eu/esco/skill/49de9958-2aa4-4eef-a89d-fe5d5bcd28c4,skill/competence,transversal,tilpasse seg endringer,released,,Endre holdningen eller adferden sin for å tilrettelegge for endringer på arbeidsplassen.,http://data.europa.eu/esco/skill/f5c9eef3-0495-4747-9519-d71a58d252bd,utvise vilje til å lære
KnowledgeSkillCompetence,http://data.europa.eu/esco/skill/4c3ab565-747c-4db3-8c47-79e8d6f98cf4,skill/competence,transversal,bidra til å minske de negative følgene av forbruk,released,følge innsamlingsplaner for gjenvinning | unngå plast | gjenbruke produkter | redusere vann- eller energiforbruk | praktisere en minimalistisk livsstil | dele fysiske ressurser | unngå engangsartikler | minimere avfallsproduksjonen i husholdningene | gjenbruk av materialer | redusere energibruken | følge miljømessig bærekraftig arbeidspraksis | gjenbruke materialer,"Anvende prinsipper, retningslinjer og forskrifter for miljømessig bærekraft, herunder redusere avfall, energi- og vannforbruk, gjenbruke og gjenvinne produkter, og bidra til delingsøkonomien.
	",http://data.europa.eu/esco/skill/80cf002a-6586-4db7-9c9a-88325a9a5e1b,bruke miljørelatert kompetanse
KnowledgeSkillCompetence,http://data.europa.eu/esco/skill/4c772721-9280-49cb-9988-b6ea3d36b06d,skill/competence,transversal,holde seg i god psykisk form,released,opprettholde balansen mellom arbeid og privatliv | balansere arbeidstid og privatliv | strebe etter mentalt velvære | beskytte det psykologiske velværet | bruke digital teknologi på en trygg måte,"Kunne unngå trusler mot det psykiske velværet, for eksempel ved bruk av digital teknologi, herunder å opprettholde en sunn balanse mellom arbeid og fritid.
  ",http://data.europa.eu/esco/skill/3d54fec5-d9cb-45a0-bf8d-ffaf3790a5bb,bruke helserelatert kompetanse
KnowledgeSkillCompetence,http://data.europa.eu/esco/skill/4cde32b5-fc2f-4257-a8b9-5b15a67ee3e5,skill/competence,transversal,beskytte andres helse,released,gi førstehjelp | reagere adekvat ved ulykker | gripe raskt inn ved behov | ivareta andres helse,"Forhindre at familiemedlemmer og andre utsettes for skade, herunder ved å gi førstehjelp ved ulykker, og yte støtte ved rekonvalesens.
  ",http://data.europa.eu/esco/skill/3d54fec5-d9cb-45a0-bf8d-ffaf3790a5bb,bruke helserelatert kompetanse
KnowledgeSkillCompetence,http://data.europa.eu/esco/skill/5b46f572-7ced-4efd-b270-a81a164d521c,skill/competence,transversal,moderere diskusjoner,released,"moderere workshops, konferanser eller arrangementer | bruke moderasjonsteknikker | lede diskusjoner | lede en diskusjon | overvåke en diskusjon | styre diskusjoner | gjennomføre moderering","Bruke modereringsteknikker og -metoder for å lede diskusjoner mellom to eller flere personer, herunder situasjoner som workshops, konferanser eller arrangementer på nett. Sørge for at debatten er korrekt og høflig.
  ",http://data.europa.eu/esco/skill/6f142deb-03a9-4cd7-94ce-e0f023ae2169,kommunisere
KnowledgeSkillCompetence,http://data.europa.eu/esco/skill/5c3ab99d-a3f1-4620-9602-d12d2151a03d,skill/competence,transversal,"anvende kunnskap innen vitenskap, teknologi og ingeniørfag",released,utføre målinger | demonstrere vitenskapelig kompetanse | ta i bruk ny teknologi | demonstrere tekniske ferdigheter,"Utvikle og anvende viten om den fysiske verden og dens rådende prinsipper, for eksempel ved å fremsette rimelige forutsigelser om årsak og virkning, utarbeide tester for å verifisere disse forutsigelsene og utføre målinger ved bruk av egnede enheter, verktøy og utstyr.
	",http://data.europa.eu/esco/skill/44ff6716-7d71-4a16-821b-61d10e9e290d,anvende generell kunnskap
KnowledgeSkillCompetence,http://data.europa.eu/esco/skill/5c526c52-4f0a-4647-8c51-c91568acebb1,skill/competence,transversal,prosessere spatial informasjon,released,vise tredimensjonal fantasi | jobbe med former og rom | tenke romlig | bruke romlig orientering | behandle romlig informasjon | jobbe med form og rom | demonstrere romlig intelligens | administrere form og rom,"Ha evne til å forestille seg legemers posisjon og forholdet mellom dem i tredimensjonale rom, og utvikle en god sans for proporsjoner.
  ",http://data.europa.eu/esco/skill/edc72cfe-78a8-4531-b00f-92992a0bb8cb,arbeide med tall og mål
KnowledgeSkillCompetence,http://data.europa.eu/esco/skill/5ca953f7-541d-4f67-bc55-7721348366cf,skill/competence,transversal,respektere mangfoldet av kulturelle verdier og normer,released,demonstrere kunnskap om den flerkulturelle dimensjonen til europeiske samfunn | ta nasjonal kulturell identitet i betraktning | vise følsomhet overfor ulike verdenssyn | støtte kulturelt mangfold | ta hensyn til mangfoldet av kulturelle verdier og normer,"Utvise interkulturell forståelse og respekt for kulturelle verdier og normer. Utvise toleranse og forståelse for andre menneskers  og kulturers verdier og normer, uavhengig av under hvilke omstendigheter, når og hvor de oppsto.
  ",http://data.europa.eu/esco/skill/d6e97b91-b75d-45f5-8566-667798957b0f,anvende medborgerkompetanse
KnowledgeSkillCompetence,http://data.europa.eu/esco/skill/5cd1930c-278d-4929-b413-27352f5b3687,skill/competence,transversal,takle usikkerhet,released,håndtere usikkerhet,"Tåle usikkerhet og arbeide konstruktivt i uventede og uforutsigbare situasjoner.
  ",http://data.europa.eu/esco/skill/2b2c3254-7f6c-47e2-84f1-aece946fbfae,ha en positiv holdning
KnowledgeSkillCompetence,http://data.europa.eu/esco/skill/609a8ac1-9d29-4237-9886-596dbbe7ca8a,skill/competence,transversal,opptre foran et publikum,released,foredra | presentere ideer,"Snakke strukturert, bevisst og direkte til en gruppe lyttere for å informere, påvirke eller underholde dem.
  ",http://data.europa.eu/esco/skill/6f142deb-03a9-4cd7-94ce-e0f023ae2169,kommunisere
KnowledgeSkillCompetence,http://data.europa.eu/esco/skill/60c78287-22eb-4103-9c8c-28deaa460da0,skill/competence,transversal,arbeide i team,released,,"Arbeide selvsikkert i en gruppe, der alle gjør sin del.",http://data.europa.eu/esco/skill/036afa6e-cdde-4b38-a53a-8e7910a840e1,samarbeide i team og nettverk
KnowledgeSkillCompetence,http://data.europa.eu/esco/skill/669b75d8-671c-4a1c-8e0b-6466c513c27d,skill/competence,transversal,utvise sikker fremtreden,released,,Vise grader av modenhet ved å forstå egne kvaliteter og evner som kan være kilder til sikker fremtreden i ulike situasjoner.,http://data.europa.eu/esco/skill/2b2c3254-7f6c-47e2-84f1-aece946fbfae,ha en positiv holdning
KnowledgeSkillCompetence,http://data.europa.eu/esco/skill/699e7c26-6502-4e78-a823-3656ff5a5b8b,skill/competence,transversal,instruere andre,released,,Veilede eller lære andre ved hjelp av relevant kunnskap og støtte.,http://data.europa.eu/esco/skill/82463bb1-85d1-4e99-a4ce-08508fc3b2a3,støtte andre
KnowledgeSkillCompetence,http://data.europa.eu/esco/skill/6b2f8802-0cbf-436e-a37f-ca55ede41bbc,skill/competence,transversal,bruke digital maskinvare,released,bruke IKT-maskinvare | utføre praktiske oppgaver med smarte enheter | bruke digitale enheter | bruke mus | bruke maskinvare | bruke tastatur | bruke smarte IKT-enheter | arbeide med maskinvare og periferiutstyr | bruke maskinvarekomponenter | bruke IKT-periferiutstyr,"Bruke utstyr som skjerm, mus, tastatur, lagringsmedia, skrivere og skannere for å utføre operasjoner som å koble til, starte opp, avslutte, starte på nytt, lagre filer og andre operasjoner.
	",http://data.europa.eu/esco/skill/3399045f-8078-4066-8b46-475b49b260ab,arbeide med digitale enheter og applikasjoner
KnowledgeSkillCompetence,http://data.europa.eu/esco/skill/6b305973-8993-475f-bd8a-daf037c61401,skill/competence,transversal,"organisere informasjon, objekter og ressurser",released,strukturere informasjon | organisere ressurser | demonstrere organisatoriske ferdigheter | registrere informasjon | ha organisatoriske ferdigheter | ta til seg informasjon,"Forstå oppgaver og tilhørende prosesser. Organisere informasjon, objekter og ressurser ved bruk av systematiske metoder og i henhold til gitte standarder, og sørge for at oppgaven mestres.
  ",http://data.europa.eu/esco/skill/66fdc34c-2326-4baa-b8ff-7a1d1015fe3a,planlegging og organisering
KnowledgeSkillCompetence,http://data.europa.eu/esco/skill/6fc6f757-6baa-49fe-9a82-6ba6a52f2e13,skill/competence,transversal,tolke matematisk informasjon,released,bruke regneferdigheter | resonnere numerisk | like å jobbe med tall | demonstrere forståelse av tall | bruke matematiske resonnementer,"Utvise forståelse av matematiske begreper og konsepter, og anvende grunnleggende matematiske prinsipper og prosesser for å tolke data og fakta.
  ",http://data.europa.eu/esco/skill/edc72cfe-78a8-4531-b00f-92992a0bb8cb,arbeide med tall og mål
KnowledgeSkillCompetence,http://data.europa.eu/esco/skill/72d1fa5d-1b7f-48e7-84e3-6e779841ddf1,skill/competence,transversal,utvise lojalitet,released,vise lojalitet | støtte bedriftens plan | følge organisasjonens visjon | forsvare selskapets plan | støtte selskapets plan | støtte selskapets misjon | støtte selskapets planer,"Vise tilknytning til en gruppe eller organisasjon blant annet ved å dele og representere dens verdier.
  ",http://data.europa.eu/esco/skill/925af2b5-2f4d-4cce-92cc-79e1ff887c7d,etterleve etiske retningslinjer
KnowledgeSkillCompetence,http://data.europa.eu/esco/skill/75d8e5d9-bef3-418b-9011-01bff9f27207,skill/competence,transversal,lede andre,released,,"Veilede, coache og lede andre mot oppnåelse av felles mål, og omfavne en lederrolle ofte i en gruppe eller i et team. Utføre, handle og oppføre seg på en måte som inspirerer samarbeidspartnere til å følge eksemplet gitt av sine ledere.
	",http://data.europa.eu/esco/skill/fe5eabaa-63f6-4c44-b405-fc3ded8d56cb,lede andre
KnowledgeSkillCompetence,http://data.europa.eu/esco/skill/77b636e8-fab3-41a8-8022-1e0a354059dc,skill/competence,transversal,vise empati,released,,"Vise empati for å forebygge enhver form for symbolsk vold og isolasjon, og for å sikre at alle blir tatt hensyn til. Dette bør omfatte en evne til å forstå ulik muntlig og ikke-muntlig kommunikasjon om oppfatninger og følelser.",http://data.europa.eu/esco/skill/82463bb1-85d1-4e99-a4ce-08508fc3b2a3,støtte andre
KnowledgeSkillCompetence,http://data.europa.eu/esco/skill/7954861c-86d4-4529-afbb-2c23dab9ac74,skill/competence,transversal,forhandle kompromiss,released,,Kommunisere med andre for å nå oppnå en felles forståelse eller løse en konflikt uten å miste oversikten over egne eller andres intensjoner eller mål.,http://data.europa.eu/esco/skill/6f142deb-03a9-4cd7-94ce-e0f023ae2169,kommunisere
KnowledgeSkillCompetence,http://data.europa.eu/esco/skill/7a147904-22b3-498a-b4d9-7bceeb86b45d,skill/competence,transversal,takle stress,released,takle press | holde hodet kaldt under press | vise mental motstandskraft,"Håndtere utfordringer, forstyrring og omveltning, og reise seg igjen etter motgang.
  ",http://data.europa.eu/esco/skill/2b2c3254-7f6c-47e2-84f1-aece946fbfae,ha en positiv holdning
KnowledgeSkillCompetence,http://data.europa.eu/esco/skill/7a93e22f-54d8-4bf0-9213-d711f6601b49,skill/competence,transversal,arbeide effektivt,released,,"Nå målene ved å bruke så lite tid, innsats eller kostnad som mulig.",http://data.europa.eu/esco/skill/14c41899-0224-4cbc-bd8c-e946ada2da87,arbeide effektivt
KnowledgeSkillCompetence,http://data.europa.eu/esco/skill/7d9bace0-63d0-4848-ac87-350a98082c12,skill/competence,transversal,delta aktivt i samfunnet,released,utføre samfunnsarbeid | være involvert i samfunnsaktiviteter | vise aktivt medborgerskap | gjøre naboaktiviteter,"Delta aktivt i aktiviteter av felles eller offentlig interesse, for eksempel samfunns-, eller nabolagsinitiativer, veldedige tiltak og frivillige organisasjoner.
  ",http://data.europa.eu/esco/skill/d6e97b91-b75d-45f5-8566-667798957b0f,anvende medborgerkompetanse
KnowledgeSkillCompetence,http://data.europa.eu/esco/skill/7dd94ad3-13d6-43fe-8b94-51fcbf67ced9,skill/competence,transversal,tenke kritisk,released,vurdere informasjon | vurdere informasjon og dens kilder | kritisk vurdere informasjon og dens kilder,"Bedømme og forsvare bedømmelser basert på interne bevis og eksterne kriterier. Vurdere troverdigheten og påliteligheten til informasjon kritisk før den tas i bruk eller formidles til andre. Utvikle uavhengig og kritisk tenkning.
  ",http://data.europa.eu/esco/skill/fff1d675-c36a-4c12-9cd4-407f21ccd06a,"behandle informasjon, ideer og konsepter"
KnowledgeSkillCompetence,http://data.europa.eu/esco/skill/7f321b88-3d16-4e30-8163-5494ca8ce978,skill/competence,transversal,engasjere andre i en miljøvennlig livsstil,released,gå inn for bærekraft | fremme bærekraft | fremme miljøvennlig atferd | informere om bærekraft | oppmuntre andre til å respektere miljøet,"Informere om og fremme miljøvennlig atferd i sosiale medier og på jobb.
  ",http://data.europa.eu/esco/skill/80cf002a-6586-4db7-9c9a-88325a9a5e1b,bruke miljørelatert kompetanse
KnowledgeSkillCompetence,http://data.europa.eu/esco/skill/83e6510b-ffeb-4aec-959c-4265fd0ff7b7,skill/competence,transversal,ha øye for detaljer,released,,"Gjennomføre en oppgave ved å ta hensyn til alle berørte parter, uavhengig av størrelse.",http://data.europa.eu/esco/skill/14c41899-0224-4cbc-bd8c-e946ada2da87,arbeide effektivt
KnowledgeSkillCompetence,http://data.europa.eu/esco/skill/88b0c49e-7c2e-4ccc-aca3-fbd4bbc2081c,skill/competence,transversal,gjøre ansvarlig bruk av helsevesenet,released,finne riktig helsetjeneste | administrere passende medisiner | bruke forebyggende tiltak for å unngå fysisk eller psykisk skade,"Identifisere og velge de riktige helsetjenesteyterne og -tjenestene (forebygging eller behandling), og håndtere medisinering på en trygg måte.
  ",http://data.europa.eu/esco/skill/3d54fec5-d9cb-45a0-bf8d-ffaf3790a5bb,bruke helserelatert kompetanse
KnowledgeSkillCompetence,http://data.europa.eu/esco/skill/896a5e0c-7ac9-4e59-a9bf-17fdca6b1c37,skill/competence,transversal,fremme prinsippene for demokrati og rettssikkerhet,released,støtte likestilling | fremme en kultur for fred og ikke-vold | bekjempe diskriminering | implementere likestillingspolitikk | integrere likestillingsaspektet | støtte demokratiet | demonstrere forståelse for europeiske fellesverdier | konfrontere diskriminering | støtte integrering av kjønn,"Bidra aktivt til å fremme prinsippene knyttet til demokrati, sosial rettferdighet og rettssikkerhet. Bekjempe diskriminering basert på etnisk, kulturell eller seksuell identitet eller orientering, eller på sosial, utdanningsmessig eller økonomisk bakgrunn, ved å ta hensyn til og tydeliggjøre følgene for ulike grupper av planlagte handlinger, inkludert lovgivning, politikk eller programmer.
	",http://data.europa.eu/esco/skill/d6e97b91-b75d-45f5-8566-667798957b0f,anvende medborgerkompetanse
KnowledgeSkillCompetence,http://data.europa.eu/esco/skill/93350886-a21b-4e61-a1b1-319a325c0f90,skill/competence,transversal,uttrykke seg kreativt,released,"synge | tegne | uttrykke ideer, opplevelser og følelser kreativt | demonstrere sans for rytme | male | danse | uttrykke seg kunstnerisk | spille instrumenter","Ha evnen til å uttrykke kreativt  gjennom sang, dans, instrumentalmusikk, skuespill eller kunst.
  ",http://data.europa.eu/esco/skill/6115ff80-3d84-4e87-8e2b-6ede7ee004b4,anvende kulturell kompetanse
KnowledgeSkillCompetence,http://data.europa.eu/esco/skill/96de2e86-e287-41f2-88ab-15a2343afc6f,skill/competence,transversal,løse konflikter,released,vise vilje til kompromisser | håndtere konflikter | kunne skape konsensus | kunne finne kompromisser,"Mekle i konflikter og anspente situasjoner ved å gå mellom partene  og forsøke å forsone, løse problemer og komme fram til en avtale. Løse en konflikt på en slik måte at ingen føler seg dårlig behandlet, og unngå krangling fra første stund.
  ",http://data.europa.eu/esco/skill/6f142deb-03a9-4cd7-94ce-e0f023ae2169,kommunisere
KnowledgeSkillCompetence,http://data.europa.eu/esco/skill/98a999db-72d5-4657-a0b0-2f850afd4368,skill/competence,transversal,sette pris på mangfoldige kulturelle og kunstneriske uttrykk,released,sette pris på kunstneriske uttrykk | ha sans for estetikk | vise kulturell bevissthet | sette pris på kulturarven,"Utvise estetisk sans, interesse for og åpenhet for kunstneriske uttrykk fra ulike kulturelle bakgrunner.
  ",http://data.europa.eu/esco/skill/6115ff80-3d84-4e87-8e2b-6ede7ee004b4,anvende kulturell kompetanse
KnowledgeSkillCompetence,http://data.europa.eu/esco/skill/9bf266a6-188b-4d17-a22f-2f266d76832b,skill/competence,transversal,vise vilje til å lære,released,,Vise en positiv holdning til nye og utfordrende krav som bare kan oppfylles gjennom livslang læring.,http://data.europa.eu/esco/skill/f5c9eef3-0495-4747-9519-d71a58d252bd,utvise vilje til å lære
KnowledgeSkillCompetence,http://data.europa.eu/esco/skill/9c0f93f7-2592-4d4d-9673-fd640502345f,skill/competence,transversal,"bruke utstyr, verktøy eller teknologi med presisjon",released,bruke håndverktøy | vise teknisk innsikt | bruke presisjonsinstrumentering | utføre manuelle aktiviteter,"Bruke arbeidsemner, verktøy, presisjonsinstrumenter eller utstyr uavhengig for å utføre manuelle aktiviteter, med eller uten opplæring.
  ",http://data.europa.eu/esco/skill/ccb6db6a-8538-431c-b740-5f241bdb71cf,håndtere og kontrollere gjenstander og utstyr
KnowledgeSkillCompetence,http://data.europa.eu/esco/skill/9cfd2219-553c-4d67-81e5-951e87c65135,skill/competence,transversal,holde seg konsentrert i lange perioder,released,,Holde seg konsentrert i lange perioder for å kunne utføre korrekte vurderinger og ta riktige beslutninger.,http://data.europa.eu/esco/skill/14c41899-0224-4cbc-bd8c-e946ada2da87,arbeide effektivt
KnowledgeSkillCompetence,http://data.europa.eu/esco/skill/a628d2d1-f40a-4c37-a357-2801726f2996,skill/competence,transversal,identifisere problemer,released,signalisere problemer | oppdage problemer | diagnostisere problemer,"Identifisere og påvise problemer og utfordringer, og velge den beste fremgangsmåten. Melde fra om problemer etter behov.
  ",http://data.europa.eu/esco/skill/13d301d0-98cb-414f-a8f9-a3f059228133,håndtere problemer
KnowledgeSkillCompetence,http://data.europa.eu/esco/skill/a68bdf1e-b325-4880-b456-192c2891931a,skill/competence,transversal,holde seg i god fysisk form,released,legge seg til en sunn livsstil | bry seg om formen sin | bruke forebyggende sunn atferd | holde seg i god form,"Legge seg til sunne og sykdomsforebyggende vaner, herunder regelmessig fysisk trening, en god søvnrutine og et sunt kosthold.
  ",http://data.europa.eu/esco/skill/3d54fec5-d9cb-45a0-bf8d-ffaf3790a5bb,bruke helserelatert kompetanse
KnowledgeSkillCompetence,http://data.europa.eu/esco/skill/adc6dc11-3376-467b-96c5-9b0a21edc869,skill/competence,transversal,løse problemer,released,håndtere problemer | utvikle strategi for å løse problemer | handle intuitivt | bruke problemløsning | skape løsninger på problemer | demonstrere problemløsningsferdigheter | lage strategier for å løse problemer | komme opp med strategi for å løse problemer | utvikle strategier for å løse problemer,"Finne løsninger på praktiske, operasjonelle eller konseptuelle problemer i mange ulike sammenhenger.
  ",http://data.europa.eu/esco/skill/13d301d0-98cb-414f-a8f9-a3f059228133,håndtere problemer
KnowledgeSkillCompetence,http://data.europa.eu/esco/skill/b00e948c-19be-4951-8cff-60f88f1046e9,skill/competence,transversal,delegere ansvar,released,delegere,"Delegere ansvar, aktiviteter og oppgaver til andre i henhold til evne, forberedelsesgrad og kompetanse. Forsikre seg om at personene man delegerer til, forstår hva de skal gjøre, og når de skal gjøre det.
	",http://data.europa.eu/esco/skill/fe5eabaa-63f6-4c44-b405-fc3ded8d56cb,lede andre
KnowledgeSkillCompetence,http://data.europa.eu/esco/skill/b080a008-a35d-4bd0-92e9-edf3773bb2b7,skill/competence,transversal,bruke programvare for kommunikasjon og samarbeid,released,kommunisere på nettet | kommunisere på nett | kommunisere i digitale miljøer | bruke e-postprogramvare og -tjenester | samhandle gjennom IKT,"Bruke enkle digitale verktøy og teknologi for å kommunisere, samhandle og samarbeide med andre.
  ",http://data.europa.eu/esco/skill/3399045f-8078-4066-8b46-475b49b260ab,arbeide med digitale enheter og applikasjoner
KnowledgeSkillCompetence,http://data.europa.eu/esco/skill/b19e0820-a96f-4c0a-a724-3c056180c1b3,skill/competence,transversal,skape lagånd,released,organisere et lag | arrangere teambuilding | arrangere teambygging | designe teambuilding | bygge lag | planlegge teambygging,"Skape et forhold bygd på gjensidig tillit, respekt og samarbeid mellom lagmedlemmene.
  ",http://data.europa.eu/esco/skill/fe5eabaa-63f6-4c44-b405-fc3ded8d56cb,lede andre
KnowledgeSkillCompetence,http://data.europa.eu/esco/skill/b40584aa-7c63-4eed-9422-a9798fb95fdc,skill/competence,transversal,improvisere,released,vise talent for improvisasjon | demonstrere evne til å improvisere,"Ha evnen til å improvisere og reagere umiddelbart, og uten å planlegge på forhånd, i situasjoner du ikke har opplevd tidligere.
  ",http://data.europa.eu/esco/skill/e84d080a-ff6d-41a7-b7b9-133e97c7bf00,tenke kreativt og innovativt
KnowledgeSkillCompetence,http://data.europa.eu/esco/skill/b618584f-6bdf-4d8f-89a7-f28c2c95afc2,skill/competence,transversal,overholde forskrifter,released,følge instruksjoner og prosedyrer | arbeide på en hensynsfull måte | overholde lovbestemmelser | følge lover eller retningslinjer,"Overholde og respektere regler, forskrifter og retningslinjer for et bestemt område eller en bestemt sektor, og anvende dem i det daglige arbeidet.
  ",http://data.europa.eu/esco/skill/925af2b5-2f4d-4cce-92cc-79e1ff887c7d,etterleve etiske retningslinjer
KnowledgeSkillCompetence,http://data.europa.eu/esco/skill/b6bdf202-524f-475d-b813-2aa9af005c37,skill/competence,transversal,flytte gjenstander,released,lagre varer | flytte og løfte gjenstander | klatre | laste og losse gods og materialer | utføre fysiske aktiviteter | løfte ting,"Utføre fysiske bevegelser for å flytte, laste, losse, eller lagre gjenstander, eller klatre i strukturer, for hånd eller ved hjelp av utstyr.
	",http://data.europa.eu/esco/skill/ccb6db6a-8538-431c-b740-5f241bdb71cf,håndtere og kontrollere gjenstander og utstyr
KnowledgeSkillCompetence,http://data.europa.eu/esco/skill/ba93b71b-c433-4a01-8246-ed2daa85a9a2,skill/competence,transversal,foreta søk på nett,released,bruke Yahoo-søk | søke etter informasjon på nettet | bruke Google-søk | se etter informasjon på internett | bruke Bing | bruke søkemotor,"Søke etter data, informasjon og innhold gjennom enkle søk i digitale miljøer.
  ",http://data.europa.eu/esco/skill/3399045f-8078-4066-8b46-475b49b260ab,arbeide med digitale enheter og applikasjoner
KnowledgeSkillCompetence,http://data.europa.eu/esco/skill/bc0b0b5d-f6be-405a-b224-b6902a4dbe97,skill/competence,cross-sector,administrere digital identitet,released,,"Skape og forvalte ett eller flere digitale identiteter, være i stand til å beskytte eget omdømme, håndtere de dataene man produserer gjennom flere digitale verktøy, miljøer og tjenester.",http://data.europa.eu/esco/skill/574257ea-7b64-4100-b7b6-e27c233fe143 | http://data.europa.eu/esco/skill/3399045f-8078-4066-8b46-475b49b260ab,digital kommunikasjon og digitalt samarbeid | arbeide med digitale enheter og applikasjoner
KnowledgeSkillCompetence,http://data.europa.eu/esco/skill/bcf002ce-90f8-42e5-ac1b-5dba208639b0,skill/competence,transversal,utvise troverdighet,released,være pålitelig | etablere tillit | være ærlig | være til å stole på,"Utvise ærlighet, integritet og troverdighet på arbeidsplassen. Være lojal overfor sine medarbeidere og organisasjon, og vise at man er pålitelig.
  ",http://data.europa.eu/esco/skill/925af2b5-2f4d-4cce-92cc-79e1ff887c7d,etterleve etiske retningslinjer
KnowledgeSkillCompetence,http://data.europa.eu/esco/skill/bdcf429c-5ccf-4c3d-bb61-4c987573a35e,skill/competence,transversal,utvise gründerånd,released,identifisere muligheter | vise vilje til å ta risiko | demonstrere entreprenørskap | forfølge muligheter,"Utvikle, organisere og administrere et eget foretak, identifisere og satse på muligheter og mobilisere ressurser, med sikte på å oppnå utbytte. Utvise en proaktiv holdning og vilje til å skape en god bedrift.
	",http://data.europa.eu/esco/skill/6c6957bf-cf1f-4483-9c7e-1655f251b01a,anvende gründer- og økonomikompetanse
KnowledgeSkillCompetence,http://data.europa.eu/esco/skill/be6ab363-3de1-427f-a8ef-85d5b0250822,skill/competence,transversal,rapportere fakta,released,,Gjengi informasjon eller gjenfortelle hendelser muntlig.,http://data.europa.eu/esco/skill/6f142deb-03a9-4cd7-94ce-e0f023ae2169,kommunisere
KnowledgeSkillCompetence,http://data.europa.eu/esco/skill/bf4d884f-c848-402a-b130-69c266b04164,skill/competence,transversal,anvende grunnleggende programmeringskunnskaper,released,bruke spørringsspråk | bruke grunnleggende kodeferdigheter,"Utarbeide enkle instruksjoner for et datasystem for å løse problemer eller utføre oppgaver på et grunnleggende nivå, om nødvendig med egnet veiledning.
  ",http://data.europa.eu/esco/skill/3399045f-8078-4066-8b46-475b49b260ab,arbeide med digitale enheter og applikasjoner
KnowledgeSkillCompetence,http://data.europa.eu/esco/skill/bf983f2a-e941-4646-811d-cc81060cb53f,skill/competence,transversal,bygge nettverk,released,skape nettverk | etablere kontakter | vise evne til å bygge nettverk | ha kontakt med andre | opprettholde kontakt med andre | knytte kontakter | bygge effektive relasjoner | vedlikeholde nettverk,"Utvise evne til å opprette effektive relasjoner, utvikle og opprettholde allianser, kontakter eller partnerskap, og utveksle informasjon med andre.
  ",http://data.europa.eu/esco/skill/036afa6e-cdde-4b38-a53a-8e7910a840e1,samarbeide i team og nettverk
KnowledgeSkillCompetence,http://data.europa.eu/esco/skill/c10d5d87-36cf-42f5-8a12-e560fb5f4af8,skill/competence,transversal,demonstrere interkulturell kompetanse,released,,"Forstå og respektere mennesker som anses for å ha en annen kulturell tilhørighet, og respondere effektivt og respektfult til dem.",http://data.europa.eu/esco/skill/036afa6e-cdde-4b38-a53a-8e7910a840e1,samarbeide i team og nettverk
KnowledgeSkillCompetence,http://data.europa.eu/esco/skill/c29aa9d2-4da8-4bdd-831c-8d4a2fb51730,skill/competence,transversal,arbeide selvstendig,released,,"Utvikle egne måter å gjøre ting på, motivere seg selv med lite eller ikke noe tilsyn, og være avhengig av seg selv for å få ting gjort.",http://data.europa.eu/esco/skill/14c41899-0224-4cbc-bd8c-e946ada2da87,arbeide effektivt
KnowledgeSkillCompetence,http://data.europa.eu/esco/skill/c2a0c52c-0b4b-4180-a918-92650ea3b458,skill/competence,transversal,tenke innovativt,released,vise innovativitet | bruke fremtidsrettethet | finne opp | bruke innovativ tenkning | vise pionerånd | forme fremtiden | tenke fremover | være nyskapende,"Utvikle ideer eller konklusjoner som fører til at innovasjoner eller endringer skapes og gjennomføres.
  ",http://data.europa.eu/esco/skill/e84d080a-ff6d-41a7-b7b9-133e97c7bf00,tenke kreativt og innovativt
KnowledgeSkillCompetence,http://data.europa.eu/esco/skill/c4180af3-befd-4bd8-9a65-6a496f9d9f15,skill/competence,transversal,være bevisst helserisikoer,released,"håndtere helserisiko | kjenne til effektene av narkotika og alkohol på enkeltpersoner, familier og lokalsamfunn | oppfylle helse- og sikkerhetskrav | bruke ergonomi | arbeide trygt med farlig materiale | følge sikkerhetsforskriftene på arbeidsplassen","Ha evnen til å bedømme og håndtere helserisikoer, for eksempel ved å følge sikkerhetstiltak i arbeidsrutiner, anvende brannsikringstiltak, respektere og anvende ergonomikrav og ta hensyn til virkningene av rusmidler og alkohol på enkeltpersoner, familier og lokalsamfunn.
  ",http://data.europa.eu/esco/skill/3d54fec5-d9cb-45a0-bf8d-ffaf3790a5bb,bruke helserelatert kompetanse
KnowledgeSkillCompetence,http://data.europa.eu/esco/skill/c624c6a3-b0ba-4a31-a296-0d433fe47e41,skill/competence,transversal,tenke kreativt,released,,Skape nye ideer eller kombinere eksisterende løsninger for å utvikle nye løsninger.,http://data.europa.eu/esco/skill/e84d080a-ff6d-41a7-b7b9-133e97c7bf00,tenke kreativt og innovativt
KnowledgeSkillCompetence,http://data.europa.eu/esco/skill/d56e2c2f-3e01-4b76-a7bb-ecb6d430172f,skill/competence,transversal,tenke helhetlig,released,demonstrere helhetstenkning | identifisere sentrale problemstillinger i komplekse situasjoner | forstå komplekse prosesser | bruke systemisk tenkning | gjenkjenne forbindelser | forstå kompleksitet | identifisere innbyrdes sammenhenger | bruke konseptuell tenkning,"Ta hensyn til indirekte og langsiktige konsekvenser ved planlegging og beslutningstaking. Vurdere innvirkningen på andre mennesker, prosesser og miljøet, og inkludere disse i planleggingsprosessen.
  ",http://data.europa.eu/esco/skill/fff1d675-c36a-4c12-9cd4-407f21ccd06a,"behandle informasjon, ideer og konsepter"
KnowledgeSkillCompetence,http://data.europa.eu/esco/skill/d62d2b4c-a6f8-439e-8a1b-4f29ab5f2c47,skill/competence,transversal,ta avgjørelser,released,,Ta et valg blant flere alternative muligheter.,http://data.europa.eu/esco/skill/91860993-1a8b-4473-91f3-600aa1924bd0,ha en proaktiv tilnærming
KnowledgeSkillCompetence,http://data.europa.eu/esco/skill/d822b4b2-26c7-4bd9-970d-229c6504f615,skill/competence,transversal,skape digitalt innhold,released,,"Skape og redigere enkelt digitalt innhold, om nødvendig med veiledning.
  ",http://data.europa.eu/esco/skill/3399045f-8078-4066-8b46-475b49b260ab,arbeide med digitale enheter og applikasjoner
KnowledgeSkillCompetence,http://data.europa.eu/esco/skill/d9013e0e-e937-43d5-ab71-0e917ee882b8,skill/competence,transversal,administrere tid,released,,"Planlegge tidssekvensen for arrangementer, programmer og aktiviteter samt arbeidet til andre.",http://data.europa.eu/esco/skill/14c41899-0224-4cbc-bd8c-e946ada2da87,arbeide effektivt
KnowledgeSkillCompetence,http://data.europa.eu/esco/skill/d9449998-c1f5-478c-a103-2255398cf0b6,skill/competence,transversal,anvende hygienestandarder,released,ivareta hygiene | ha omsorg for hygiene | identifisere hygienerisikoer | følge hygieniske arbeidsrutiner | passe på renslighet | passe på hygienen,"Ta personlig ansvar for å garantere et trygt arbeids- og bomiljø der man ikke utsettes for smitte, herunder gjennom bruk av masker og desinfeksjonsmidler og god personlig hygiene.
  ",http://data.europa.eu/esco/skill/3d54fec5-d9cb-45a0-bf8d-ffaf3790a5bb,bruke helserelatert kompetanse
KnowledgeSkillCompetence,http://data.europa.eu/esco/skill/db33c0f3-43ee-4ba3-ba47-9269ac837697,skill/competence,transversal,vurdere informasjon og kilder kritisk,released,vurdere informasjon | kontrollere informasjonskilden | sjekke fakta | oppdage ensidighet | kontrollere informasjon | veie informasjon | forstå medias rolle i demokratiske samfunn,"Ha evnen til å vurdere og analysere informasjon og kilder. Vise evne til å bruke både tradisjonelle og nye medier, samt til kritisk forståelse av deres rolle og funksjon i demokratiske samfunn.
	",http://data.europa.eu/esco/skill/d6e97b91-b75d-45f5-8566-667798957b0f,anvende medborgerkompetanse
KnowledgeSkillCompetence,http://data.europa.eu/esco/skill/dcc99418-d896-4b3b-8596-658093a17a8f,skill/competence,transversal,håndtere kroniske helsetilstander,released,"oppsøke passende omsorg | bruke høre-, se- eller ganghjelpemidler","Identifisere og bruke måter å minske virkningene av kroniske helsetilstander på, inkludert bruk av syns-, hørsels- og ganghjelpemidler, egnede medisiner og tilstrekkelig sosial og medisinsk støtte.
	",http://data.europa.eu/esco/skill/3d54fec5-d9cb-45a0-bf8d-ffaf3790a5bb,bruke helserelatert kompetanse
KnowledgeSkillCompetence,http://data.europa.eu/esco/skill/deb3c1bc-d48a-42e6-b0cc-cb238534ec28,skill/competence,transversal,anvende kunnskap innen samfunnsvitenskap og humaniora,released,vise interesse for politikk | vise sosial kunnskap | demonstrere kunnskap om europeisk historie | forstå rollen til sosiale bevegelser i samfunnet,"Vise forståelse av sosiale og politiske gruppers natur, pluralitet og funksjon og deres forhold til sosioøkonomiske sider av samfunnet. Forstå enkeltpersoners rolle og posisjon i samfunnet.
  ",http://data.europa.eu/esco/skill/44ff6716-7d71-4a16-821b-61d10e9e290d,anvende generell kunnskap
KnowledgeSkillCompetence,http://data.europa.eu/esco/skill/df5e3d02-9f0f-44ee-91c2-85c62f161868,skill/competence,transversal,"markedsføre ideer, produkter eller tjenester",released,overtale andre | overbevise andre | påvirke andre | kunne avslutte salg regelmessig og trygt | like å selge | påvirke beslutninger | overtale | presentere produkter,"Presentere og reklamere for produkter, programmer eller tjenester med det formål å overtale og påvirke andre.
  ",http://data.europa.eu/esco/skill/6f142deb-03a9-4cd7-94ce-e0f023ae2169,kommunisere
KnowledgeSkillCompetence,http://data.europa.eu/esco/skill/e2d44a9b-f28c-489e-9861-b654b5ded507,skill/competence,transversal,motivere andre,released,,Styre andre personers atferd ved å gi dem en overbevisende grunn til handling.,http://data.europa.eu/esco/skill/fe5eabaa-63f6-4c44-b405-fc3ded8d56cb,lede andre
KnowledgeSkillCompetence,http://data.europa.eu/esco/skill/e37d64dc-0f05-4ee8-b065-bf76f70d8f5c,skill/competence,transversal,overholde taushetsplikt,released,ivareta personvernet | overholde taushetsplikten | holde informasjon hemmelig | beskytte personvernet | sikre absolutt diskresjon | håndtere sensitiv informasjon | være diskret,"Utvise skjønn og tilbakeholdenhet ved arbeid med konfidensiell, hemmelig eller ubehagelig informasjon.
  ",http://data.europa.eu/esco/skill/925af2b5-2f4d-4cce-92cc-79e1ff887c7d,etterleve etiske retningslinjer
KnowledgeSkillCompetence,http://data.europa.eu/esco/skill/e49f4158-9d4c-425d-bf32-dfe89b19840a,skill/competence,transversal,planlegge,released,planlegge aktiviteter | utføre planlegging,"Forvalte tid og ressurser for å fullføre oppgaver innen rimelig tid.
  ",http://data.europa.eu/esco/skill/66fdc34c-2326-4baa-b8ff-7a1d1015fe3a,planlegging og organisering
KnowledgeSkillCompetence,http://data.europa.eu/esco/skill/ef7562b2-f176-4d7c-a0b2-27ae8cce0b7d,skill/competence,transversal,reagere på fysiske endringer eller farer,released,være reaktiv | vise smidighet | vise lydhørhet,"Reagere raskt og hensiktsmessig på eksterne eller interne omstendigheter og stimuli.
  ",http://data.europa.eu/esco/skill/e52389a2-1a05-45b0-8db3-4bda0f0c0b48,forholde seg til fysiske omstendigheter
KnowledgeSkillCompetence,http://data.europa.eu/esco/skill/f4346299-e22a-4686-8e61-2c9b0cd51c7d,skill/competence,transversal,anvende digitale sikkerhetstiltak,released,beskytte IKT-enheter | fjerne virus og skadelig programvare fra en datamaskin | beskytte personopplysninger | bruke antivirusprogramvare | beskytte digitale enheter | oppdatere sikkerhetstiltak på nett | implementere digitale sikkerhetstiltak,"Følge enkle måter å beskytte digitale enheter og innhold på.
  ",http://data.europa.eu/esco/skill/3399045f-8078-4066-8b46-475b49b260ab,arbeide med digitale enheter og applikasjoner
KnowledgeSkillCompetence,http://data.europa.eu/esco/skill/f4bcdb75-df28-441d-a52b-9730904f36a1,skill/competence,transversal,utøve rettigheter og ansvar,released,delta i demokratiske beslutninger | vise interesse for aktuelle hendelser,"Være oppmerksom på og benytte seg av konstitusjonelle og juridiske rettigheter, herunder plikten til å følge loven, betale skatt og yte bistand og retten til å stemme, stille til valg og til å ha en forsvarsadvokat til stede i en rettssak.
  ",http://data.europa.eu/esco/skill/d6e97b91-b75d-45f5-8566-667798957b0f,anvende medborgerkompetanse
KnowledgeSkillCompetence,http://data.europa.eu/esco/skill/fa46a48d-9cb9-422d-afab-1047654dbcdd,skill/competence,transversal,lagre informasjon,released,mnemoniske prinsipper | lære informasjon utenat | memorere informasjon | huske fakta | memorere prosedyrer | memorere fakta | huske prosedyrer | huske informasjon | legge seg noe på minnet,"Lagre informasjon som ord, tall, bilder og prosedyrer for senere henting.",http://data.europa.eu/esco/skill/fff1d675-c36a-4c12-9cd4-407f21ccd06a,"behandle informasjon, ideer og konsepter"
KnowledgeSkillCompetence,http://data.europa.eu/esco/skill/fd89f784-88dc-4d35-abd7-86aa073cab12,skill/competence,transversal,ha et åpent sinn,released,vise aksept for andre | demonstrere frihet fra fordommer | være åpensinnet | ta opp nye ideer og erfaringer,"Være interessert i og åpen for andres problemer.
  ",http://data.europa.eu/esco/skill/f5c9eef3-0495-4747-9519-d71a58d252bd,utvise vilje til å lære
